-- Inserir dados na tabela Unidade
INSERT INTO Unidade (NomeUnidade, Localidade) VALUES
  ('Campus Central', 'São Paulo'),
  ('Campus Barra', 'Rio de Janeiro'),
  ('Campus Pampulha', 'Belo Horizonte'),
  ('Campus Sul', 'Porto Alegre'),
  ('Campus Ondina', 'Salvador'),
  ('Campus Norte', 'Recife'),
  ('Campus Leste', 'Curitiba'),
  ('Campus Oeste', 'Fortaleza'),
  ('Campus Sul 2', 'Porto Alegre'),
  ('Campus Sudeste', 'São Paulo'),
  ('Campus Centro', 'Rio de Janeiro'),
  ('Campus Praia', 'Natal'),
  ('Campus Universitário', 'Goiânia'),
  ('Campus Maringá', 'Maringá'),
  ('Campus Zona Norte', 'Manaus'),
  ('Campus Metropolitana', 'São Bernardo do Campo'),
  ('Campus Norte 2', 'Belém'),
  ('Campus Sorocaba', 'Sorocaba'),
  ('Campus São Carlos', 'São Carlos'),
  ('Campus Caxias', 'Duque de Caxias'),
  ('Campus Campinas', 'Campinas'),
  ('Campus Santos', 'Santos'),
  ('Campus Ribeirão Preto', 'Ribeirão Preto'),
  ('Campus ABC', 'Santo André'),
  ('Campus Litoral', 'Santos'),
  ('Campus Experimental', 'São Paulo'),
  ('Campus Avançado', 'Campinas'),
  ('Campus Digital', 'São Paulo'),
  ('Campus Tecnológico', 'São Carlos'),
  ('Campus Inovação', 'Ribeirão Preto'),
  ('Campus Sustentável', 'Belo Horizonte'),
  ('Campus Urbano', 'Rio de Janeiro'),
  ('Campus Verde', 'Curitiba'),
  ('Campus Azul', 'Porto Alegre'),
  ('Campus Vermelho', 'Salvador'),
  ('Campus Amarelo', 'Recife'),
  ('Campus Cinza', 'Fortaleza'),
  ('Campus Dourado', 'São Paulo'),
  ('Campus Prateado', 'Rio de Janeiro'),
  ('Campus Diamante', 'Belo Horizonte'),
  ('Campus Esmeralda', 'Porto Alegre'),
  ('Campus Safira', 'Salvador'),
  ('Campus Rubi', 'Recife'),
  ('Campus Bronze', 'Curitiba'),
  ('Campus Aço', 'Fortaleza'),
  ('Campus Madeira', 'São Paulo'),
  ('Campus Pedra', 'Rio de Janeiro'),
  ('Campus Vidro', 'Belo Horizonte'),
  ('Campus Cristal', 'Porto Alegre'),
  ('Campus Solar', 'Salvador'),
  ('Campus Lunar', 'Recife'),
  ('Campus Estelar', 'Curitiba'),
  ('Campus Galáctico', 'Fortaleza'),
  ('Campus Cósmico', 'São Paulo'),
  ('Campus Quântico', 'Rio de Janeiro'),
  ('Campus Atômico', 'Belo Horizonte'),
  ('Campus Molecular', 'Porto Alegre'),
  ('Campus Celular', 'Salvador'),
  ('Campus Genético', 'Recife');

-- Inserir dados na tabela Usuário
INSERT INTO Usuário (Nome, Sobrenome, Telefone, DataNascimento, Endereço, Sexo, Email, Senha, NomeUnidade, Localidade) VALUES
  ('João', 'Silva', '(11)98000001', '1990-05-01', 'Rua A, 123', 'M', 'joao.silva@email.com', 'senha123', 'Campus Central', 'São Paulo'),
  ('Ana', 'Santos', '(11)98000002', '1991-06-10', 'Rua B, 456', 'F', 'ana.santos@email.com', 'senha456', 'Campus Barra', 'Rio de Janeiro'),
  ('Carlos', 'Souza', '(11)98000003', '1989-07-15', 'Rua C, 789', 'M', 'carlos.souza@email.com', 'senha789', 'Campus Pampulha', 'Belo Horizonte'),
  ('Beatriz', 'Gomes', '(11)98000004', '1992-08-25', 'Rua D, 101', 'F', 'beatriz.gomes@email.com', 'senha101', 'Campus Sul', 'Porto Alegre'),
  ('Felipe', 'Silva', '(11)98000005', '1990-09-20', 'Rua E, 102', 'M', 'felipe.silva@email.com', 'senha102', 'Campus Ondina', 'Salvador'),
  ('Ricardo', 'Mendes', '(11)98000006', '1988-10-30', 'Rua F, 103', 'M', 'ricardo.mendes@email.com', 'senha103', 'Campus Norte', 'Recife'),
  ('Juliana', 'Rocha', '(11)98000007', '1993-11-11', 'Rua G, 104', 'F', 'juliana.rocha@email.com', 'senha104', 'Campus Leste', 'Curitiba'),
  ('Thiago', 'Ferreira', '(11)98000008', '1994-12-05', 'Rua H, 105', 'M', 'thiago.ferreira@email.com', 'senha105', 'Campus Oeste', 'Fortaleza'),
  ('Eduardo', 'Dias', '(11)98000009', '1992-01-25', 'Rua I, 106', 'M', 'eduardo.dias@email.com', 'senha106', 'Campus Sul 2', 'Porto Alegre'),
  ('Paula', 'Ferreira', '(11)98000010', '1995-02-12', 'Rua J, 107', 'F', 'paula.ferreira@email.com', 'senha107', 'Campus Sudeste', 'São Paulo'),
  ('Mariana', 'Lima', '(11)98000011', '1991-03-18', 'Rua K, 108', 'F', 'mariana.lima@email.com', 'senha108', 'Campus Centro', 'Rio de Janeiro'),
  ('Felipe', 'Martins', '(11)98000012', '1990-04-02', 'Rua L, 109', 'M', 'felipe.martins@email.com', 'senha109', 'Campus Praia', 'Natal'),
  ('Gustavo', 'Martins', '(11)98000013', '1992-05-16', 'Rua M, 110', 'M', 'gustavo.martins@email.com', 'senha110', 'Campus Universitário', 'Goiânia'),
  ('Thiago', 'Costa', '(11)98000014', '1991-06-22', 'Rua N, 111', 'M', 'thiago.costa@email.com', 'senha111', 'Campus Maringá', 'Maringá'),
  ('Lucas', 'Costa', '(11)98000015', '1994-07-30', 'Rua O, 112', 'M', 'lucas.costa@email.com', 'senha112', 'Campus Zona Norte', 'Manaus'),
  ('Eduardo', 'Lima', '(11)98000016', '1990-08-17', 'Rua P, 113', 'M', 'eduardo.lima@email.com', 'senha113', 'Campus Metropolitana', 'São Bernardo do Campo'),
  ('Paula', 'Almeida', '(11)98000017', '1992-09-12', 'Rua Q, 114', 'F', 'paula.almeida@email.com', 'senha114', 'Campus Norte 2', 'Belém'),
  ('Felipe', 'Pereira', '(11)98000018', '1995-10-24', 'Rua R, 115', 'M', 'felipe.pereira@email.com', 'senha115', 'Campus Sorocaba', 'Sorocaba'),
  ('Ricardo', 'Silva', '(11)98000019', '1993-11-28', 'Rua S, 116', 'M', 'ricardo.silva@email.com', 'senha116', 'Campus Caxias', 'Duque de Caxias'),
  ('Neymar', 'Júnior', '(11)98000020', '1994-12-29', 'Rua T, 117', 'M', 'ney.jr@email.com', 'senha117', 'Campus São Carlos', 'São Carlos'),
  ('Bruna', 'Marquezine', '(11)98000021', '1995-08-04', 'Rua U, 118', 'F', 'bruna.m@email.com', 'senha118', 'Campus Campinas', 'Campinas'),
  ('José', 'Alencar', '(11)98000022', '1991-02-15', 'Rua V, 119', 'M', 'jose.a@email.com', 'senha119', 'Campus Santos', 'Santos'),
  ('Amanda', 'Oliveira', '(11)98000023', '1996-03-20', 'Rua W, 120', 'F', 'amanda.o@email.com', 'senha120', 'Campus Ribeirão Preto', 'Ribeirão Preto'),
  ('Rafael', 'Rodrigues', '(11)98000024', '1997-04-25', 'Rua X, 121', 'M', 'rafael.r@email.com', 'senha121', 'Campus ABC', 'Santo André'),
  ('Isabela', 'Costa', '(11)98000025', '1998-05-30', 'Rua Y, 122', 'F', 'isabela.c@email.com', 'senha122', 'Campus Litoral', 'Santos'),
  ('Leonardo', 'Pereira', '(11)98000026', '1999-06-04', 'Rua Z, 123', 'M', 'leonardo.p@email.com', 'senha123', 'Campus Experimental', 'São Paulo'),
  ('Carolina', 'Alves', '(11)98000027', '1990-07-09', 'Rua AA, 124', 'F', 'carolina.a@email.com', 'senha124', 'Campus Avançado', 'Campinas'),
  ('Fernando', 'Carvalho', '(11)98000028', '1991-08-14', 'Rua BB, 125', 'M', 'fernando.c@email.com', 'senha125', 'Campus Digital', 'São Paulo'),
  ('Patrícia', 'Ribeiro', '(11)98000029', '1992-09-19', 'Rua CC, 126', 'F', 'patricia.r@email.com', 'senha126', 'Campus Tecnológico', 'São Carlos'),
  ('Gustavo', 'Oliveira', '(11)98000030', '1993-10-24', 'Rua DD, 127', 'M', 'gustavo.o@email.com', 'senha127', 'Campus Inovação', 'Ribeirão Preto'),
  ('Bianca', 'Martins', '(11)98000031', '1994-11-29', 'Rua EE, 128', 'F', 'bianca.m@email.com', 'senha128', 'Campus Sustentável', 'Belo Horizonte'),
  ('Ricardo', 'Almeida', '(11)98000032', '1995-12-04', 'Rua FF, 129', 'M', 'ricardo.a@email.com', 'senha129', 'Campus Urbano', 'Rio de Janeiro'),
  ('Larissa', 'Souza', '(11)98000033', '1996-01-09', 'Rua GG, 130', 'F', 'larissa.s@email.com', 'senha130', 'Campus Verde', 'Curitiba'),
  ('Vinícius', 'Fernandes', '(11)98000034', '1997-02-14', 'Rua HH, 131', 'M', 'vinicius.f@email.com', 'senha131', 'Campus Azul', 'Porto Alegre'),
  ('Natália', 'Guedes', '(11)98000035', '1998-03-21', 'Rua II, 132', 'F', 'natalia.g@email.com', 'senha132', 'Campus Vermelho', 'Salvador'),
  ('Thiago', 'Leite', '(11)98000036', '1999-04-26', 'Rua JJ, 133', 'M', 'thiago.l@email.com', 'senha133', 'Campus Amarelo', 'Recife'),
  ('Camila', 'Sales', '(11)98000037', '1990-05-01', 'Rua KK, 134', 'F', 'camila.s@email.com', 'senha134', 'Campus Cinza', 'Fortaleza'),
  ('Daniel', 'Vieira', '(11)98000038', '1991-06-06', 'Rua LL, 135', 'M', 'daniel.v@email.com', 'senha135', 'Campus Dourado', 'São Paulo'),
  ('Juliana', 'Andrade', '(11)98000039', '1992-07-11', 'Rua MM, 136', 'F', 'juliana.a@email.com', 'senha136', 'Campus Prateado', 'Rio de Janeiro'),
  ('Marcelo', 'Baptista', '(11)98000040', '1993-08-16', 'Rua NN, 137', 'M', 'marcelo.b@email.com', 'senha137', 'Campus Diamante', 'Belo Horizonte'),
  ('Aline', 'Cunha', '(11)98000041', '1994-09-21', 'Rua OO, 138', 'F', 'aline.c@email.com', 'senha138', 'Campus Esmeralda', 'Porto Alegre'),
  ('Eduardo', 'Duarte', '(11)98000042', '1995-10-26', 'Rua PP, 139', 'M', 'eduardo.d@email.com', 'senha139', 'Campus Safira', 'Salvador'),
  ('Renata', 'Evangelista', '(11)98000043', '1996-11-01', 'Rua QQ, 140', 'F', 'renata.e@email.com', 'senha140', 'Campus Rubi', 'Recife'),
  ('Fábio', 'Fonseca', '(11)98000044', '1997-12-06', 'Rua RR, 141', 'M', 'fabio.f@email.com', 'senha141', 'Campus Bronze', 'Curitiba'),
  ('Silvia', 'Garcia', '(11)98000045', '1998-01-11', 'Rua SS, 142', 'F', 'silvia.g@email.com', 'senha142', 'Campus Aço', 'Fortaleza'),
  ('Roberto', 'Henriques', '(11)98000046', '1999-02-16', 'Rua TT, 143', 'M', 'roberto.h@email.com', 'senha143', 'Campus Madeira', 'São Paulo'),
  ('Maria', 'Irineu', '(11)98000047', '1990-03-23', 'Rua UU, 144', 'F', 'maria.i@email.com', 'senha144', 'Campus Pedra', 'Rio de Janeiro'),
  ('Sérgio', 'Jesus', '(11)98000048', '1991-04-28', 'Rua VV, 145', 'M', 'sergio.j@email.com', 'senha145', 'Campus Vidro', 'Belo Horizonte'),
  ('Cláudia', 'Lemos', '(11)98000049', '1992-05-03', 'Rua WW, 146', 'F', 'claudia.l@email.com', 'senha146', 'Campus Cristal', 'Porto Alegre'),
  ('Antônio', 'Moraes', '(11)98000050', '1993-06-08', 'Rua XX, 147', 'M', 'antonio.m@email.com', 'senha147', 'Campus Solar', 'Salvador'),
  ('Luciana', 'Nunes', '(11)98000051', '1994-07-13', 'Rua YY, 148', 'F', 'luciana.n@email.com', 'senha148', 'Campus Lunar', 'Recife'),
  ('Paulo', 'Ortiz', '(11)98000052', '1995-08-18', 'Rua ZZ, 149', 'M', 'paulo.o@email.com', 'senha149', 'Campus Estelar', 'Curitiba'),
  ('Sandra', 'Queiroz', '(11)98000053', '1996-09-23', 'Rua AAA, 150', 'F', 'sandra.q@email.com', 'senha150', 'Campus Galáctico', 'Fortaleza'),
  ('Vitor', 'Rangel', '(11)98000054', '1997-10-28', 'Rua BBB, 151', 'M', 'vitor.r@email.com', 'senha151', 'Campus Cósmico', 'São Paulo'),
  ('Daniela', 'Soares', '(11)98000055', '1998-11-02', 'Rua CCC, 152', 'F', 'daniela.s@email.com', 'senha152', 'Campus Quântico', 'Rio de Janeiro'),
  ('Eduardo', 'Trindade', '(11)98000056', '1999-12-07', 'Rua DDD, 153', 'M', 'eduardo.t@email.com', 'senha153', 'Campus Atômico', 'Belo Horizonte'),
  ('Renata', 'Uchoa', '(11)98000057', '1990-01-12', 'Rua EEE, 154', 'F', 'renata.u@email.com', 'senha154', 'Campus Molecular', 'Porto Alegre'),
  ('Gustavo', 'Valente', '(11)98000058', '1991-02-17', 'Rua FFF, 155', 'M', 'gustavo.v@email.com', 'senha155', 'Campus Celular', 'Salvador'),
  ('Camila', 'Xavier', '(11)98000059', '1992-03-24', 'Rua GGG, 156', 'F', 'camila.x@email.com', 'senha156', 'Campus Genético', 'Recife'),
  ('Lucas', 'Zanetti', '(11)98000060', '1993-04-29', 'Rua HHH, 157', 'M', 'lucas.z@email.com', 'senha157', 'Campus Central', 'São Paulo');

-- Inserir dados na tabela Professor
INSERT INTO Professor (Nome, Sobrenome, Telefone, ÁreaEspecialização, Titulação) VALUES
  ('João', 'Silva', '(11)98000001', 'Engenharia de Software', 'MSc'),
  ('Ana', 'Santos', '(11)98000002', 'Matemática', 'PhD'),
  ('Carlos', 'Souza', '(11)98000003', 'Redes de Computadores', 'DSc'),
  ('Beatriz', 'Gomes', '(11)98000004', 'Inteligência Artificial', 'MSc'),
  ('Felipe', 'Silva', '(11)98000005', 'Algoritmos', 'PhD'),
  ('Ricardo', 'Mendes', '(11)98000006', 'Sistemas Operacionais', 'MSc'),
  ('Juliana', 'Rocha', '(11)98000007', 'Engenharia de Software', 'DSc'),
  ('Thiago', 'Ferreira', '(11)98000008', 'Redes de Computadores', 'PhD'),
  ('Eduardo', 'Dias', '(11)98000009', 'Matemática', 'MSc'),
  ('Roberta', 'Gomes', '(11)98000010', 'Computação Gráfica', 'PhD'),
  ('Mariana', 'Lima', '(11)98000011', 'Algoritmos', 'MSc'),
  ('Felipe', 'Martins', '(11)98000012', 'Banco de Dados', 'PhD'),
  ('Paula', 'Ferreira', '(11)98000013', 'Engenharia de Software', 'DSc'),
  ('Thiago', 'Costa', '(11)98000014', 'Cálculo', 'MSc'),
  ('Lucas', 'Costa', '(11)98000015', 'Sistemas de Informação', 'PhD'),
  ('Gustavo', 'Martins', '(11)98000016', 'Cálculo Avançado', 'DSc'),
  ('Carlos', 'Almeida', '(11)98000017', 'Matemática Aplicada', 'MSc'),
  ('Felipe', 'Pereira', '(11)98000018', 'Lógica Computacional', 'PhD'),
  ('Ricardo', 'Santos', '(11)98000019', 'Engenharia Elétrica', 'MSc'),
  ('Juliana', 'Fagundes', '(11)98000020', 'Física', 'PhD'),
  ('Fernanda', 'Oliveira', '(11)98000021', 'Química Orgânica', 'MSc'),
  ('Marcelo', 'Silveira', '(11)98000022', 'Economia', 'PhD'),
  ('Amanda', 'Oliveira', '(11)98000023', 'Engenharia Química', 'MSc'),
  ('Rafael', 'Rodrigues', '(11)98000024', 'Estatística', 'PhD'),
  ('Isabela', 'Costa', '(11)98000025', 'Biofísica', 'MSc'),
  ('Leonardo', 'Pereira', '(11)98000026', 'Inteligência Artificial', 'PhD'),
  ('Carolina', 'Alves', '(11)98000027', 'Física Quântica', 'MSc'),
  ('Fernando', 'Carvalho', '(11)98000028', 'Engenharia Mecânica', 'PhD'),
  ('Patrícia', 'Ribeiro', '(11)98000029', 'Biologia Molecular', 'MSc'),
  ('Gustavo', 'Oliveira', '(11)98000030', 'Engenharia Civil', 'PhD'),
  ('Bianca', 'Martins', '(11)98000031', 'Ciência de Dados', 'MSc'),
  ('Ricardo', 'Almeida', '(11)98000032', 'Análise de Sistemas', 'PhD'),
  ('Larissa', 'Souza', '(11)98000033', 'Design Digital', 'MSc'),
  ('Vinícius', 'Fernandes', '(11)98000034', 'Robótica', 'PhD'),
  ('Natália', 'Guedes', '(11)98000035', 'Genética', 'MSc'),
  ('Thiago', 'Leite', '(11)98000036', 'Astrofísica', 'PhD'),
  ('Camila', 'Sales', '(11)98000037', 'Microbiologia', 'MSc'),
  ('Daniel', 'Vieira', '(11)98000038', 'Geofísica', 'PhD'),
  ('Juliana', 'Andrade', '(11)98000039', 'Oceanografia', 'MSc'),
  ('Marcelo', 'Baptista', '(11)98000040', 'Climatologia', 'PhD'),
  ('Aline', 'Cunha', '(11)98000041', 'Zoologia', 'MSc'),
  ('Eduardo', 'Duarte', '(11)98000042', 'Botânica', 'PhD'),
  ('Renata', 'Evangelista', '(11)98000043', 'Ecologia', 'MSc'),
  ('Fábio', 'Fonseca', '(11)98000044', 'Geologia', 'PhD'),
  ('Silvia', 'Garcia', '(11)98000045', 'Paleontologia', 'MSc'),
  ('Roberto', 'Henriques', '(11)98000046', 'Cartografia', 'PhD'),
  ('Maria', 'Irineu', '(11)98000047', 'Geodésia', 'MSc'),
  ('Sérgio', 'Jesus', '(11)98000048', 'Sensoriamento Remoto', 'PhD'),
  ('Cláudia', 'Lemos', '(11)98000049', 'Processamento de Imagens', 'MSc'),
  ('Antônio', 'Moraes', '(11)98000050', 'Visão Computacional', 'PhD'),
  ('Luciana', 'Nunes', '(11)98000051', 'Realidade Virtual', 'MSc'),
  ('Paulo', 'Ortiz', '(11)98000052', 'Realidade Aumentada', 'PhD'),
  ('Sandra', 'Queiroz', '(11)98000053', 'Interação Humano-Computador', 'MSc'),
  ('Vitor', 'Rangel', '(11)98000054', 'Engenharia de Conhecimento', 'PhD'),
  ('Daniela', 'Soares', '(11)98000055', 'Sistemas Multiagentes', 'MSc'),
  ('Eduardo', 'Trindade', '(11)98000056', 'Computação Evolucionária', 'PhD'),
  ('Renata', 'Uchoa', '(11)98000057', 'Redes Neurais Artificiais', 'MSc'),
  ('Gustavo', 'Valente', '(11)98000058', 'Aprendizado Profundo', 'PhD'),
  ('Camila', 'Xavier', '(11)98000059', 'Processamento de Linguagem Natural', 'MSc'),
  ('Lucas', 'Zanetti', '(11)98000060', 'Mineração de Dados', 'PhD');

-- Inserir dados na tabela Departamento
INSERT INTO Departamento (CódigoDepartamento, NomeDepartamento, NomeProfessorChefe, SobrenomeProfessorChefe, TelefoneProfessorChefe) VALUES
  (001, 'Departamento de Computação', 'João', 'Silva', '(11)98000001'),
  (002, 'Departamento de Medicina', 'Ana', 'Santos', '(11)98000002'),
  (003, 'Departamento de Direito', 'Carlos', 'Souza', '(11)98000003'),
  (004, 'Departamento de Psicologia', 'Ricardo', 'Mendes', '(11)98000006'),
  (005, 'Departamento de Engenharia', 'Beatriz', 'Gomes', '(11)98000004'),
  (006, 'Departamento de Arquitetura', 'Felipe', 'Silva', '(11)98000005'),
  (007, 'Departamento de Administração', 'Juliana', 'Rocha', '(11)98000007'),
  (008, 'Departamento de Pedagogia', 'Thiago', 'Ferreira', '(11)98000008'),
  (009, 'Departamento de Ciências Biológicas', 'Eduardo', 'Dias', '(11)98000009'),
  (010, 'Departamento de Química', 'Roberta', 'Gomes', '(11)98000010'),
  (011, 'Departamento de Física', 'Carlos', 'Almeida', '(11)98000017'),
  (012, 'Departamento de Ciências Exatas', 'Mariana', 'Lima', '(11)98000011'),
  (013, 'Departamento de Ciências Humanas', 'Paula', 'Ferreira', '(11)98000013'),
  (014, 'Departamento de Saúde', 'Ricardo', 'Santos', '(11)98000019'),
  (015, 'Departamento de Design', 'Lucas', 'Costa', '(11)98000015'),
  (016, 'Departamento de Economia', 'Gustavo', 'Martins', '(11)98000016'),
  (017, 'Departamento de Letras', 'Juliana', 'Rocha', '(11)98000007'),
  (018, 'Departamento de Música', 'Felipe', 'Silva', '(11)98000005'),
  (019, 'Departamento de Ciências Sociais', 'Marcelo', 'Silveira', '(11)98000022'),
  (020, 'Departamento de Enfermagem', 'Ricardo', 'Santos', '(11)98000019'),
  (021, 'Departamento de Farmácia', 'Fernanda', 'Oliveira', '(11)98000021'),
  (022, 'Departamento de Engenharia Química', 'Amanda', 'Oliveira', '(11)98000023'),
  (023, 'Departamento de Estatística', 'Rafael', 'Rodrigues', '(11)98000024'),
  (024, 'Departamento de Biofísica', 'Isabela', 'Costa', '(11)98000025'),
  (025, 'Departamento de Física Quântica', 'Carolina', 'Alves', '(11)98000027'),
  (026, 'Departamento de Engenharia Mecânica', 'Fernando', 'Carvalho', '(11)98000028'),
  (027, 'Departamento de Biologia Molecular', 'Patrícia', 'Ribeiro', '(11)98000029'),
  (028, 'Departamento de Engenharia Civil', 'Gustavo', 'Oliveira', '(11)98000030'),
  (029, 'Departamento de Ciência de Dados', 'Bianca', 'Martins', '(11)98000031'),
  (030, 'Departamento de Análise de Sistemas', 'Ricardo', 'Almeida', '(11)98000032'),
  (031, 'Departamento de Design Digital', 'Larissa', 'Souza', '(11)98000033'),
  (032, 'Departamento de Robótica', 'Vinícius', 'Fernandes', '(11)98000034'),
  (033, 'Departamento de Genética', 'Natália', 'Guedes', '(11)98000035'),
  (034, 'Departamento de Astrofísica', 'Thiago', 'Leite', '(11)98000036'),
  (035, 'Departamento de Microbiologia', 'Camila', 'Sales', '(11)98000037'),
  (036, 'Departamento de Geofísica', 'Daniel', 'Vieira', '(11)98000038'),
  (037, 'Departamento de Oceanografia', 'Juliana', 'Andrade', '(11)98000039'),
  (038, 'Departamento de Climatologia', 'Marcelo', 'Baptista', '(11)98000040'),
  (039, 'Departamento de Zoologia', 'Aline', 'Cunha', '(11)98000041'),
  (040, 'Departamento de Botânica', 'Eduardo', 'Duarte', '(11)98000042'),
  (041, 'Departamento de Ecologia', 'Renata', 'Evangelista', '(11)98000043'),
  (042, 'Departamento de Geologia', 'Fábio', 'Fonseca', '(11)98000044'),
  (043, 'Departamento de Paleontologia', 'Silvia', 'Garcia', '(11)98000045'),
  (044, 'Departamento de Cartografia', 'Roberto', 'Henriques', '(11)98000046'),
  (045, 'Departamento de Geodésia', 'Maria', 'Irineu', '(11)98000047'),
  (046, 'Departamento de Sensoriamento Remoto', 'Sérgio', 'Jesus', '(11)98000048'),
  (047, 'Departamento de Processamento de Imagens', 'Cláudia', 'Lemos', '(11)98000049'),
  (048, 'Departamento de Visão Computacional', 'Antônio', 'Moraes', '(11)98000050'),
  (049, 'Departamento de Realidade Virtual', 'Luciana', 'Nunes', '(11)98000051'),
  (050, 'Departamento de Realidade Aumentada', 'Paulo', 'Ortiz', '(11)98000052'),
  (051, 'Departamento de Interação Humano-Computador', 'Sandra', 'Queiroz', '(11)98000053'),
  (052, 'Departamento de Engenharia de Conhecimento', 'Vitor', 'Rangel', '(11)98000054'),
  (053, 'Departamento de Sistemas Multiagentes', 'Daniela', 'Soares', '(11)98000055'),
  (054, 'Departamento de Computação Evolucionária', 'Eduardo', 'Trindade', '(11)98000056'),
  (055, 'Departamento de Redes Neurais Artificiais', 'Renata', 'Uchoa', '(11)98000057'),
  (056, 'Departamento de Aprendizado Profundo', 'Gustavo', 'Valente', '(11)98000058'),
  (057, 'Departamento de Processamento de Linguagem Natural', 'Camila', 'Xavier', '(11)98000059'),
  (058, 'Departamento de Mineração de Dados', 'Lucas', 'Zanetti', '(11)98000060');

-- Inserir dados na tabela Curso
INSERT INTO Curso (CódigoCurso, NomeCurso, NomeDepartamento, NívelEnsino, CargaHoráriaTotal, NúmeroVagas, Ementa, PréRequisitos, SalaPadrão, RegraCurso) VALUES
  (101, 'Engenharia de Software', 'Departamento de Computação', 'Graduação', 3200, 40, 'Ementa do curso de Engenharia de Software', 'Matemática Básica', 'Sala A1', 'Regra 1'),
  (102, 'Medicina', 'Departamento de Medicina', 'Graduação', 5000, 60, 'Ementa do curso de Medicina', 'Biologia', 'Sala B1', 'Regra 2'),
  (103, 'Direito', 'Departamento de Direito', 'Graduação', 4000, 50, 'Ementa do curso de Direito', 'História', 'Sala C1', 'Regra 3'),
  (104, 'Psicologia', 'Departamento de Psicologia', 'Graduação', 3000, 45, 'Ementa do curso de Psicologia', 'Sociologia', 'Sala D1', 'Regra 4'),
  (105, 'Engenharia Civil', 'Departamento de Engenharia', 'Graduação', 3600, 50, 'Ementa do curso de Engenharia Civil', 'Física', 'Sala E1', 'Regra 5'),
  (106, 'Arquitetura', 'Departamento de Arquitetura', 'Graduação', 3400, 35, 'Ementa do curso de Arquitetura', 'Geometria', 'Sala F1', 'Regra 6'),
  (107, 'Administração', 'Departamento de Administração', 'Graduação', 2800, 60, 'Ementa do curso de Administração', 'Matemática', 'Sala G1', 'Regra 7'),
  (108, 'Pedagogia', 'Departamento de Pedagogia', 'Graduação', 3000, 55, 'Ementa do curso de Pedagogia', 'Psicologia', 'Sala H1', 'Regra 8'),
  (109, 'Engenharia Elétrica', 'Departamento de Engenharia', 'Graduação', 3800, 45, 'Ementa do curso de Engenharia Elétrica', 'Matemática Avançada', 'Sala I1', 'Regra 9'),
  (110, 'Biologia', 'Departamento de Ciências Biológicas', 'Graduação', 3500, 40, 'Ementa do curso de Biologia', 'Química', 'Sala J1', 'Regra 10'),
  (111, 'Física', 'Departamento de Física', 'Graduação', 3200, 45, 'Ementa do curso de Física', 'Matemática Básica', 'Sala K1', 'Regra 11'),
  (112, 'Química', 'Departamento de Química', 'Graduação', 3300, 40, 'Ementa do curso de Química', 'Física', 'Sala L1', 'Regra 12'),
  (113, 'Ciência da Computação', 'Departamento de Computação', 'Graduação', 3600, 50, 'Ementa do curso de Ciência da Computação', 'Matemática', 'Sala M1', 'Regra 13'),
  (114, 'Sistemas de Informação', 'Departamento de Computação', 'Graduação', 3200, 60, 'Ementa do curso de Sistemas de Informação', 'Lógica de Programação', 'Sala N1', 'Regra 14'),
  (115, 'Administração Pública', 'Departamento de Administração', 'Graduação', 3000, 50, 'Ementa do curso de Administração Pública', 'Direito Constitucional', 'Sala O1', 'Regra 15'),
  (116, 'Design de Produtos', 'Departamento de Design', 'Graduação', 3100, 40, 'Ementa do curso de Design de Produtos', 'Design Gráfico', 'Sala P1', 'Regra 16'),
  (117, 'Marketing', 'Departamento de Administração', 'Graduação', 2800, 55, 'Ementa do curso de Marketing', 'Comunicação', 'Sala Q1', 'Regra 17'),
  (118, 'Economia', 'Departamento de Economia', 'Graduação', 3500, 60, 'Ementa do curso de Economia', 'Matemática Financeira', 'Sala R1', 'Regra 18'),
  (119, 'Enfermagem', 'Departamento de Saúde', 'Graduação', 3800, 50, 'Ementa do curso de Enfermagem', 'Anatomia', 'Sala S1', 'Regra 19'),
  (120, 'Veterinária', 'Departamento de Saúde', 'Graduação', 4000, 45, 'Ementa do curso de Veterinária', 'Biologia', 'Sala T1', 'Regra 20'),
  (121, 'Farmácia', 'Departamento de Farmácia', 'Graduação', 4200, 50, 'Ementa do curso de Farmácia', 'Química', 'Sala U1', 'Regra 21'),
  (122, 'Nutrição', 'Departamento de Saúde', 'Graduação', 3900, 48, 'Ementa do curso de Nutrição', 'Bioquímica', 'Sala V1', 'Regra 22'),
  (123, 'Engenharia Química', 'Departamento de Engenharia Química', 'Graduação', 3700, 42, 'Ementa do curso de Engenharia Química', 'Química Avançada', 'Sala W1', 'Regra 23'),
  (124, 'Estatística', 'Departamento de Estatística', 'Graduação', 3100, 38, 'Ementa do curso de Estatística', 'Matemática', 'Sala X1', 'Regra 24'),
  (125, 'Biofísica', 'Departamento de Biofísica', 'Graduação', 3400, 46, 'Ementa do curso de Biofísica', 'Física', 'Sala Y1', 'Regra 25'),
  (126, 'Física Quântica', 'Departamento de Física Quântica', 'Graduação', 3500, 44, 'Ementa do curso de Física Quântica', 'Física Avançada', 'Sala Z1', 'Regra 26'),
  (127, 'Engenharia Mecânica', 'Departamento de Engenharia Mecânica', 'Graduação', 3900, 52, 'Ementa do curso de Engenharia Mecânica', 'Física', 'Sala AA1', 'Regra 27'),
  (128, 'Biologia Molecular', 'Departamento de Biologia Molecular', 'Graduação', 4100, 58, 'Ementa do curso de Biologia Molecular', 'Biologia', 'Sala BB1', 'Regra 28'),
  (129, 'Engenharia Civil', 'Departamento de Engenharia Civil', 'Graduação', 3700, 49, 'Ementa do curso de Engenharia Civil', 'Matemática', 'Sala CC1', 'Regra 29'),
  (130, 'Ciência de Dados', 'Departamento de Ciência de Dados', 'Graduação', 3300, 54, 'Ementa do curso de Ciência de Dados', 'Estatística', 'Sala DD1', 'Regra 30'),
  (131, 'Análise de Sistemas', 'Departamento de Análise de Sistemas', 'Graduação', 3000, 41, 'Ementa do curso de Análise de Sistemas', 'Lógica de Programação', 'Sala EE1', 'Regra 31'),
  (132, 'Design Digital', 'Departamento de Design Digital', 'Graduação', 3200, 39, 'Ementa do curso de Design Digital', 'Design Gráfico', 'Sala FF1', 'Regra 32'),
  (133, 'Robótica', 'Departamento de Robótica', 'Graduação', 3600, 43, 'Ementa do curso de Robótica', 'Física', 'Sala GG1', 'Regra 33'),
  (134, 'Genética', 'Departamento de Genética', 'Graduação', 3800, 57, 'Ementa do curso de Genética', 'Biologia', 'Sala HH1', 'Regra 34'),
  (135, 'Astrofísica', 'Departamento de Astrofísica', 'Graduação', 4000, 53, 'Ementa do curso de Astrofísica', 'Física', 'Sala II1', 'Regra 35'),
  (136, 'Microbiologia', 'Departamento de Microbiologia', 'Graduação', 3400, 47, 'Ementa do curso de Microbiologia', 'Biologia', 'Sala JJ1', 'Regra 36'),
  (137, 'Geofísica', 'Departamento de Geofísica', 'Graduação', 3100, 51, 'Ementa do curso de Geofísica', 'Física', 'Sala KK1', 'Regra 37'),
  (138, 'Oceanografia', 'Departamento de Oceanografia', 'Graduação', 3300, 56, 'Ementa do curso de Oceanografia', 'Biologia', 'Sala LL1', 'Regra 38'),
  (139, 'Climatologia', 'Departamento de Climatologia', 'Graduação', 3500, 45, 'Ementa do curso de Climatologia', 'Geografia', 'Sala MM1', 'Regra 39'),
  (140, 'Zoologia', 'Departamento de Zoologia', 'Graduação', 3700, 59, 'Ementa do curso de Zoologia', 'Biologia', 'Sala NN1', 'Regra 40'),
  (141, 'Botânica', 'Departamento de Botânica', 'Graduação', 3900, 55, 'Ementa do curso de Botânica', 'Biologia', 'Sala OO1', 'Regra 41'),
  (142, 'Ecologia', 'Departamento de Ecologia', 'Graduação', 4100, 43, 'Ementa do curso de Ecologia', 'Biologia', 'Sala PP1', 'Regra 42'),
  (143, 'Geologia', 'Departamento de Geologia', 'Graduação', 3600, 47, 'Ementa do curso de Geologia', 'Física', 'Sala QQ1', 'Regra 43'),
  (144, 'Paleontologia', 'Departamento de Paleontologia', 'Graduação', 3200, 51, 'Ementa do curso de Paleontologia', 'Biologia', 'Sala RR1', 'Regra 44'),
  (145, 'Cartografia', 'Departamento de Cartografia', 'Graduação', 3400, 56, 'Ementa do curso de Cartografia', 'Geografia', 'Sala SS1', 'Regra 45'),
  (146, 'Geodésia', 'Departamento de Geodésia', 'Graduação', 3800, 44, 'Ementa do curso de Geodésia', 'Matemática', 'Sala TT1', 'Regra 46'),
  (147, 'Sensoriamento Remoto', 'Departamento de Sensoriamento Remoto', 'Graduação', 4000, 48, 'Ementa do curso de Sensoriamento Remoto', 'Física', 'Sala UU1', 'Regra 47'),
  (148, 'Processamento de Imagens', 'Departamento de Processamento de Imagens', 'Graduação', 3500, 52, 'Ementa do curso de Processamento de Imagens', 'Matemática', 'Sala VV1', 'Regra 48'),
  (149, 'Visão Computacional', 'Departamento de Visão Computacional', 'Graduação', 3100, 57, 'Ementa do curso de Visão Computacional', 'Matemática', 'Sala WW1', 'Regra 49'),
  (150, 'Realidade Virtual', 'Departamento de Realidade Virtual', 'Graduação', 3300, 46, 'Ementa do curso de Realidade Virtual', 'Computação', 'Sala XX1', 'Regra 50'),
  (151, 'Realidade Aumentada', 'Departamento de Realidade Aumentada', 'Graduação', 3700, 50, 'Ementa do curso de Realidade Aumentada', 'Computação', 'Sala YY1', 'Regra 51'),
  (152, 'Interação Humano-Computador', 'Departamento de Interação Humano-Computador', 'Graduação', 3900, 54, 'Ementa do curso de Interação Humano-Computador', 'Psicologia', 'Sala ZZ1', 'Regra 52'),
  (153, 'Engenharia de Conhecimento', 'Departamento de Engenharia de Conhecimento', 'Graduação', 4100, 42, 'Ementa do curso de Engenharia de Conhecimento', 'Lógica', 'Sala AAA1', 'Regra 53'),
  (154, 'Sistemas Multiagentes', 'Departamento de Sistemas Multiagentes', 'Graduação', 3600, 49, 'Ementa do curso de Sistemas Multiagentes', 'Computação', 'Sala BBB1', 'Regra 54'),
  (155, 'Computação Evolucionária', 'Departamento de Computação Evolucionária', 'Graduação', 3200, 53, 'Ementa do curso de Computação Evolucionária', 'Matemática', 'Sala CCC1', 'Regra 55'),
  (156, 'Redes Neurais Artificiais', 'Departamento de Redes Neurais Artificiais', 'Graduação', 3400, 58, 'Ementa do curso de Redes Neurais Artificiais', 'Matemática', 'Sala DDD1', 'Regra 56'),
  (157, 'Aprendizado Profundo', 'Departamento de Aprendizado Profundo', 'Graduação', 3800, 47, 'Ementa do curso de Aprendizado Profundo', 'Matemática', 'Sala EEE1', 'Regra 57'),
  (158, 'Processamento de Linguagem Natural', 'Departamento de Processamento de Linguagem Natural', 'Graduação', 4000, 51, 'Ementa do curso de Processamento de Linguagem Natural', 'Linguística', 'Sala FFF1', 'Regra 58'),
  (159, 'Mineração de Dados', 'Departamento de Mineração de Dados', 'Graduação', 3500, 55, 'Ementa do curso de Mineração de Dados', 'Estatística', 'Sala GGG1', 'Regra 59'),
  (160, 'Segurança da Informação', 'Departamento de Computação', 'Graduação', 3300, 44, 'Ementa do curso de Segurança da Informação', 'Redes de Computadores', 'Sala HHH1', 'Regra 60');

-- Inserir dados na tabela Disciplina
INSERT INTO Disciplina (NomeDisciplina, CódigoCurso, AulasSemanais, MaterialDidático) VALUES
  ('Algoritmos I', 101, 4, 'Livro de Algoritmos - Cormen'),
  ('Redes de Computadores', 101, 3, 'Redes de Computadores - Kurose'),
  ('Engenharia de Software', 101, 5, 'Engenharia de Software - Sommerville'),
  ('História do Direito', 103, 4, 'História do Direito - Piero Calamandrei'),
  ('Direito Constitucional', 103, 5, 'Constituição Brasileira - Silvio de Salvo Venosa'),
  ('Psicologia Geral', 104, 4, 'Psicologia - David G. Myers'),
  ('Engenharia Civil I', 105, 4, 'Engenharia Civil - Barry J. Goodno'),
  ('Geometria Descritiva', 106, 3, 'Geometria Descritiva - Z. L. Cao'),
  ('Gestão de Projetos', 107, 3, 'Gestão de Projetos - Harold Kerzner'),
  ('Psicologia do Desenvolvimento', 104, 3, 'Psicologia do Desenvolvimento - John W. Santrock'),
  ('Cálculo I', 101, 5, 'Cálculo - James Stewart'),
  ('Química Geral', 112, 5, 'Química Geral - Zumdahl'),
  ('Biologia Celular', 110, 4, 'Biologia Celular - Alberts'),
  ('Física Geral', 111, 4, 'Física - Halliday'),
  ('Desenho Técnico', 105, 4, 'Desenho Técnico - J. P. R. Almeida'),
  ('Cálculo II', 101, 5, 'Cálculo II - Howard Anton'),
  ('Circuitos Elétricos', 109, 5, 'Circuitos Elétricos - Nilsson & Riedel'),
  ('Mecânica dos Fluidos', 109, 4, 'Mecânica dos Fluidos - Frank M. White'),
  ('Teoria da Computação', 113, 4, 'Teoria da Computação - Michael Sipser'),
  ('Sistemas Operacionais Avançados', 114, 3, 'Sistemas Operacionais Avançados - Tanenbaum'),
  ('Anatomia Humana', 102, 6, 'Anatomia Humana - Gray'),
  ('Bioquímica', 110, 4, 'Bioquímica - Lehninger'),
  ('Engenharia de Requisitos', 101, 4, 'Engenharia de Requisitos - Ian Sommerville'),
  ('Testes de Software', 101, 3, 'The Art of Software Testing - Glenford Myers'),
  ('Gerência de Configuração', 101, 5, 'Software Configuration Management Handbook - Alexis Leon'),
  ('Direito Penal', 103, 4, 'Direito Penal - Damásio de Jesus'),
  ('Direito Civil', 103, 5, 'Direito Civil - Carlos Roberto Gonçalves'),
  ('Psicopatologia', 104, 4, 'Psicopatologia - Richard P. Halgin'),
  ('Resistência dos Materiais', 105, 4, 'Resistência dos Materiais - Gere & Timoshenko'),
  ('Topografia', 106, 3, 'Topografia - Carlos Alberto Libânio Lobo'),
  ('Contabilidade Gerencial', 107, 3, 'Contabilidade Gerencial - Anthony & Govindarajan'),
  ('Didática', 108, 3, 'Didática - José Carlos Libâneo'),
  ('Álgebra Linear', 111, 5, 'Álgebra Linear - Gilbert Strang'),
  ('Química Orgânica', 112, 5, 'Química Orgânica - Paula Yurkanis Bruice'),
  ('Histologia', 110, 4, 'Histologia - Abraham L. Kierszenbaum'),
  ('Eletromagnetismo', 111, 4, 'Eletromagnetismo - David J. Griffiths'),
  ('Estradas', 105, 4, 'Estradas - L. J. Sanksis'),
  ('Análise Matemática', 101, 5, 'Análise Matemática - Elon Lages Lima'),
  ('Instalações Elétricas', 109, 5, 'Instalações Elétricas - Hélio Creder'),
  ('Termodinâmica', 109, 4, 'Termodinâmica - Yunus A. Cengel'),
  ('Linguagens Formais', 113, 4, 'Introdução à Teoria da Computação - Sipser'),
  ('Tópicos em Banco de Dados', 114, 3, 'Database System Concepts - Silberschatz, Korth e Sudarshan'),
  ('Fisiologia Humana', 102, 6, 'Fisiologia Humana - Guyton & Hall'),
  ('Microbiologia', 110, 4, 'Microbiologia - Tortora, Funke e Case'),
  ('Projeto de Interface', 114, 4, 'The Design of Everyday Things - Don Norman'),
  ('Inteligência Artificial Avançada', 113, 5, 'Artificial Intelligence: A Modern Approach - Russell & Norvig'),
   ('Inglês Instrumental', 101, 2, 'Vocabulary for Achievement - Townsend Press'),
  ('Ética e Responsabilidade Social', 107, 2, 'Ética e Cidadania - Mario Sergio Cortella'),
  ('Técnicas de Negociação', 107, 3, 'Como Negociar Com Qualquer Pessoa, Em Qualquer Lugar - Fischer & Ury'),
  ('Música e Cultura Brasileira', 117, 2, 'História da Música Popular Brasileira - Jairo Severiano'),
  ('Filosofia da Educação', 108, 3, 'O Que é Educação - Celso Antunes'),
  ('Metodologia Científica', 110, 2, 'Para Entender a Ciência - Ernst Gotsch'),
  ('Sociologia do Trabalho', 118, 2, 'Sociologia do Trabalho - Ricardo Antunes'),
  ('Psicologia Organizacional', 107, 2, 'Psicologia Organizacional e do Trabalho - Zanelli & Bastos'),
  ('Marketing Digital', 117, 3, 'Marketing Digital Para Leigos - Ryan Deiss'),
  ('Mídias Sociais', 117, 2, 'Mídias Sociais e a Nova Política - Castells & Cardoso'),
  ('História da Arte', 106, 3, 'A História da Arte - Gombrich'),
  ('Teoria da Arquitetura', 106, 2, 'Os Dez Livros Da Arquitetura - Vitrúvio'),
  ('Legislação Brasileira', 103, 2, 'Vade Mecum - Rideel'),
  ('Processo Civil', 103, 3, 'Curso de Direito Processual Civil - Daniel Amorim Assumpção Neves');

-- Inserir dados na tabela OfertaDisciplina
INSERT INTO OfertaDisciplina (NomeDisciplina, NomeProfessor, SobrenomeProfessor, TelefoneProfessor, PeríodoLetivo, Sala, Capacidade) VALUES
  ('Algoritmos I', 'João', 'Silva', '(11)98000001', '2025.1', 'Sala A1', 40),
  ('Redes de Computadores', 'Carlos', 'Souza', '(11)98000003', '2025.1', 'Sala B1', 35),
  ('Engenharia de Software', 'Paula', 'Ferreira', '(11)98000013', '2025.2', 'Sala C1', 50),
  ('Direito Constitucional', 'Ana', 'Santos', '(11)98000002', '2025.1', 'Sala D1', 45),
  ('Psicologia Geral', 'Beatriz', 'Gomes', '(11)98000004', '2025.1', 'Sala E1', 40),
  ('Engenharia Civil I', 'Ricardo', 'Mendes', '(11)98000006', '2025.2', 'Sala F1', 45),
  ('Geometria Descritiva', 'Lucas', 'Costa', '(11)98000015', '2025.1', 'Sala G1', 35),
  ('Gestão de Projetos', 'Juliana', 'Rocha', '(11)98000007', '2025.1', 'Sala H1', 60),
  ('Psicologia do Desenvolvimento', 'Thiago', 'Ferreira', '(11)98000008', '2025.2', 'Sala I1', 40),
  ('Cálculo I', 'Eduardo', 'Dias', '(11)98000009', '2025.1', 'Sala J1', 50),
  ('Química Geral', 'Roberta', 'Gomes', '(11)98000010', '2025.2', 'Sala K1', 45),
  ('Biologia Celular', 'Carlos', 'Almeida', '(11)98000017', '2025.2', 'Sala L1', 40),
  ('Física Geral', 'Felipe', 'Silva', '(11)98000005', '2025.1', 'Sala M1', 40),
  ('Desenho Técnico', 'Gustavo', 'Martins', '(11)98000016', '2025.2', 'Sala N1', 35),
  ('Cálculo II', 'Mariana', 'Lima', '(11)98000011', '2025.1', 'Sala O1', 50),
  ('Circuitos Elétricos', 'Felipe', 'Martins', '(11)98000012', '2025.2', 'Sala P1', 45),
  ('Mecânica dos Fluidos', 'Felipe', 'Pereira', '(11)98000018', '2025.1', 'Sala Q1', 40),
  ('Teoria da Computação', 'Fernanda', 'Oliveira', '(11)98000021', '2025.2', 'Sala R1', 30),
  ('Sistemas Operacionais Avançados', 'Thiago', 'Costa', '(11)98000014', '2025.1', 'Sala S1', 50),
  ('Anatomia Humana', 'Ricardo', 'Santos', '(11)98000019', '2025.2', 'Sala T1', 55),
  ('Bioquímica', 'Marcelo', 'Silveira', '(11)98000022', '2025.1', 'Sala U1', 48),
  ('Engenharia de Requisitos', 'Amanda', 'Oliveira', '(11)98000023', '2025.2', 'Sala V1', 42),
  ('Testes de Software', 'Rafael', 'Rodrigues', '(11)98000024', '2025.1', 'Sala W1', 38),
  ('Gerência de Configuração', 'Isabela', 'Costa', '(11)98000025', '2025.2', 'Sala X1', 46),
  ('Direito Penal', 'Leonardo', 'Pereira', '(11)98000026', '2025.1', 'Sala Y1', 44),
  ('Direito Civil', 'Carolina', 'Alves', '(11)98000027', '2025.2', 'Sala Z1', 52),
  ('Psicopatologia', 'Fernando', 'Carvalho', '(11)98000028', '2025.1', 'Sala AA1', 58),
  ('Resistência dos Materiais', 'Patrícia', 'Ribeiro', '(11)98000029', '2025.2', 'Sala BB1', 49),
  ('Topografia', 'Gustavo', 'Oliveira', '(11)98000030', '2025.1', 'Sala CC1', 54),
  ('Contabilidade Gerencial', 'Bianca', 'Martins', '(11)98000031', '2025.2', 'Sala DD1', 41),
  ('Didática', 'Ricardo', 'Almeida', '(11)98000032', '2025.1', 'Sala EE1', 39),
  ('Álgebra Linear', 'Larissa', 'Souza', '(11)98000033', '2025.2', 'Sala FF1', 43),
  ('Química Orgânica', 'Vinícius', 'Fernandes', '(11)98000034', '2025.1', 'Sala GG1', 57),
  ('Histologia', 'Natália', 'Guedes', '(11)98000035', '2025.2', 'Sala HH1', 53),
  ('Eletromagnetismo', 'Thiago', 'Leite', '(11)98000036', '2025.1', 'Sala II1', 47),
  ('Estradas', 'Camila', 'Sales', '(11)98000037', '2025.2', 'Sala JJ1', 51),
  ('Análise Matemática', 'Daniel', 'Vieira', '(11)98000038', '2025.1', 'Sala KK1', 56),
  ('Instalações Elétricas', 'Juliana', 'Andrade', '(11)98000039', '2025.2', 'Sala LL1', 45),
  ('Termodinâmica', 'Marcelo', 'Baptista', '(11)98000040', '2025.1', 'Sala MM1', 59),
  ('Linguagens Formais', 'Aline', 'Cunha', '(11)98000041', '2025.2', 'Sala NN1', 43),
  ('Tópicos em Banco de Dados', 'Eduardo', 'Duarte', '(11)98000042', '2025.1', 'Sala OO1', 47),
  ('Fisiologia Humana', 'Renata', 'Evangelista', '(11)98000043', '2025.2', 'Sala PP1', 51),
  ('Microbiologia', 'Fábio', 'Fonseca', '(11)98000044', '2025.1', 'Sala QQ1', 56),
  ('Projeto de Interface', 'Silvia', 'Garcia', '(11)98000045', '2025.2', 'Sala RR1', 44),
  ('Inteligência Artificial Avançada', 'Roberto', 'Henriques', '(11)98000046', '2025.1', 'Sala SS1', 48),
  ('Inglês Instrumental', 'Maria', 'Irineu', '(11)98000047', '2025.2', 'Sala TT1', 52),
  ('Ética e Responsabilidade Social', 'Sérgio', 'Jesus', '(11)98000048', '2025.1', 'Sala UU1', 57),
  ('Técnicas de Negociação', 'Cláudia', 'Lemos', '(11)98000049', '2025.2', 'Sala VV1', 45),
  ('Música e Cultura Brasileira', 'Antônio', 'Moraes', '(11)98000050', '2025.1', 'Sala WW1', 49),
  ('Filosofia da Educação', 'Luciana', 'Nunes', '(11)98000051', '2025.2', 'Sala XX1', 53),
  ('Metodologia Científica', 'Paulo', 'Ortiz', '(11)98000052', '2025.1', 'Sala YY1', 58),
  ('Sociologia do Trabalho', 'Sandra', 'Queiroz', '(11)98000053', '2025.2', 'Sala ZZ1', 46),
  ('Psicologia Organizacional', 'Vitor', 'Rangel', '(11)98000054', '2025.1', 'Sala AAA1', 50),
  ('Marketing Digital', 'Daniela', 'Soares', '(11)98000055', '2025.2', 'Sala BBB1', 54),
  ('Mídias Sociais', 'Eduardo', 'Trindade', '(11)98000056', '2025.1', 'Sala CCC1', 59),
  ('História da Arte', 'Renata', 'Uchoa', '(11)98000057', '2025.2', 'Sala DDD1', 47),
  ('Teoria da Arquitetura', 'Gustavo', 'Valente', '(11)98000058', '2025.1', 'Sala EEE1', 51),
  ('Legislação Brasileira', 'Camila', 'Xavier', '(11)98000059', '2025.2', 'Sala FFF1', 55),
  ('Processo Civil', 'Lucas', 'Zanetti', '(11)98000060', '2025.1', 'Sala GGG1', 44);

-- Inserir dados na tabela InfraestruturaCurso
INSERT INTO InfraestruturaCurso (CódigoCurso, Demandas) VALUES
  (101, 'Laboratório de Computação, Sala de TI'),
  (102, 'Equipamentos médicos, sala de cirurgia'),
  (103, 'Biblioteca de Direito, sala de estudos'),
  (104, 'Sala de psicologia, laboratório de análise comportamental'),
  (105, 'Laboratório de Engenharia, simulador de estrutura'),
  (106, 'Laboratório de Arquitetura, maquetes e impressoras 3D'),
  (107, 'Sala de reuniões, escritório de administração'),
  (108, 'Sala de pedagogo, biblioteca de ensino'),
  (109, 'Laboratório de Engenharia Elétrica, bancadas de testes'),
  (110, 'Laboratório de Biologia, microscópios'),
  (111, 'Laboratório de Física, equipamentos para experimentos'),
  (112, 'Laboratório de Química, banco de substâncias químicas'),
  (113, 'Laboratório de Computação, servidores dedicados'),
  (114, 'Laboratório de Sistemas, estação de trabalho'),
  (115, 'Sala de Administração Pública, auditório'),
  (116, 'Laboratório de Design, equipamentos de CAD'),
  (117, 'Laboratório de Marketing, software de análise de dados'),
  (118, 'Laboratório de Economia, software econômico'),
  (119, 'Laboratório de Enfermagem, maca e equipamentos médicos'),
  (120, 'Laboratório de Veterinária, ambiente controlado para estudos'),
  (121, 'Laboratório de Farmácia, equipamentos de manipulação'),
  (122, 'Cozinha experimental, equipamentos de análise nutricional'),
  (123, 'Laboratório de Engenharia Química, reatores e centrífugas'),
  (124, 'Laboratório de Estatística, software estatístico e calculadoras'),
  (125, 'Laboratório de Biofísica, equipamentos de biofísica e microscópios'),
  (126, 'Laboratório de Física Quântica, equipamentos de física quântica e lasers'),
  (127, 'Laboratório de Engenharia Mecânica, tornos e fresadoras'),
  (128, 'Laboratório de Biologia Molecular, equipamentos de biologia molecular e PCR'),
  (129, 'Laboratório de Engenharia Civil, equipamentos de ensaio de materiais e softwares'),
  (130, 'Laboratório de Ciência de Dados, servidores e softwares de análise de dados'),
  (131, 'Laboratório de Análise de Sistemas, computadores e softwares de desenvolvimento'),
  (132, 'Laboratório de Design Digital, mesas digitalizadoras e softwares de design'),
  (133, 'Laboratório de Robótica, kits de robótica e impressoras 3D'),
  (134, 'Laboratório de Genética, equipamentos de sequenciamento e análise genética'),
  (135, 'Laboratório de Astrofísica, telescópios e softwares de astronomia'),
  (136, 'Laboratório de Microbiologia, estufas e microscópios'),
  (137, 'Laboratório de Geofísica, sismógrafos e magnetômetros'),
  (138, 'Laboratório de Oceanografia, equipamentos de coleta de amostras e análise de água'),
  (139, 'Laboratório de Climatologia, estações meteorológicas e modelos climáticos'),
  (140, 'Laboratório de Zoologia, equipamentos de observação e taxidermia'),
  (141, 'Laboratório de Botânica, herbário e microscópios'),
  (142, 'Laboratório de Ecologia, equipamentos de campo e análise ambiental'),
  (143, 'Laboratório de Geologia, equipamentos de mineração e análise de rochas'),
  (144, 'Laboratório de Paleontologia, fósseis e equipamentos de datação'),
  (145, 'Laboratório de Cartografia, GPS e softwares de mapeamento'),
  (146, 'Laboratório de Geodésia, equipamentos de nivelamento e estações totais'),
  (147, 'Laboratório de Sensoriamento Remoto, satélites e softwares de processamento de imagens'),
  (148, 'Laboratório de Processamento de Imagens, computadores e softwares de visão computacional'),
  (149, 'Laboratório de Visão Computacional, câmeras e softwares de reconhecimento de padrões'),
  (150, 'Laboratório de Realidade Virtual, óculos de RV e softwares de modelagem 3D'),
  (151, 'Laboratório de Realidade Aumentada, smartphones e softwares de RA'),
  (152, 'Laboratório de Interação Humano-Computador, sensores e softwares de análise de interação'),
  (153, 'Laboratório de Engenharia de Conhecimento, sistemas de inferência e bases de conhecimento'),
  (154, 'Laboratório de Sistemas Multiagentes, simuladores e plataformas de desenvolvimento'),
  (155, 'Laboratório de Computação Evolucionária, algoritmos genéticos e computadores'),
  (156, 'Laboratório de Redes Neurais Artificiais, computadores e softwares de aprendizado de máquina'),
  (157, 'Laboratório de Aprendizado Profundo, GPUs e frameworks de aprendizado profundo'),
  (158, 'Laboratório de Processamento de Linguagem Natural, corpus linguísticos e softwares de PLN'),
  (159, 'Laboratório de Mineração de Dados, bancos de dados e softwares de mineração'),
  (160, 'Laboratório de Segurança da Informação, firewalls e softwares de segurança');

-- Inserir dados na tabela ProfessorDisciplina
INSERT INTO ProfessorDisciplina (NomeProfessor, SobrenomeProfessor, TelefoneProfessor, NomeDisciplina) VALUES
  ('João', 'Silva', '(11)98000001', 'Algoritmos I'),
  ('Carlos', 'Souza', '(11)98000003', 'Redes de Computadores'),
  ('Paula', 'Ferreira', '(11)98000013', 'Engenharia de Software'),
  ('Ana', 'Santos', '(11)98000002', 'Direito Constitucional'),
  ('Beatriz', 'Gomes', '(11)98000004', 'Psicologia Geral'),
  ('Ricardo', 'Mendes', '(11)98000006', 'Engenharia Civil I'),
  ('Lucas', 'Costa', '(11)98000015', 'Geometria Descritiva'),
  ('Juliana', 'Rocha', '(11)98000007', 'Gestão de Projetos'),
  ('Thiago', 'Ferreira', '(11)98000008', 'Psicologia do Desenvolvimento'),
  ('Eduardo', 'Dias', '(11)98000009', 'Cálculo I'),
  ('Roberta', 'Gomes', '(11)98000010', 'Química Geral'),
  ('Carlos', 'Almeida', '(11)98000017', 'Biologia Celular'),
  ('Felipe', 'Silva', '(11)98000005', 'Física Geral'),
  ('Gustavo', 'Martins', '(11)98000016', 'Desenho Técnico'),
  ('Mariana', 'Lima', '(11)98000011', 'Cálculo II'),
  ('Felipe', 'Martins', '(11)98000012', 'Circuitos Elétricos'),
  ('Felipe', 'Pereira', '(11)98000018', 'Mecânica dos Fluidos'),
  ('Fernanda', 'Oliveira', '(11)98000021', 'Teoria da Computação'),
  ('Thiago', 'Costa', '(11)98000014', 'Sistemas Operacionais Avançados'),
  ('Ricardo', 'Santos', '(11)98000019', 'Anatomia Humana'),
  ('Marcelo', 'Silveira', '(11)98000022', 'Bioquímica'),
  ('Amanda', 'Oliveira', '(11)98000023', 'Engenharia de Requisitos'),
  ('Rafael', 'Rodrigues', '(11)98000024', 'Testes de Software'),
  ('Isabela', 'Costa', '(11)98000025', 'Gerência de Configuração'),
  ('Leonardo', 'Pereira', '(11)98000026', 'Direito Penal'),
  ('Carolina', 'Alves', '(11)98000027', 'Direito Civil'),
  ('Fernando', 'Carvalho', '(11)98000028', 'Psicopatologia'),
  ('Patrícia', 'Ribeiro', '(11)98000029', 'Resistência dos Materiais'),
  ('Gustavo', 'Oliveira', '(11)98000030', 'Topografia'),
  ('Bianca', 'Martins', '(11)98000031', 'Contabilidade Gerencial'),
  ('Ricardo', 'Almeida', '(11)98000032', 'Didática'),
  ('Larissa', 'Souza', '(11)98000033', 'Álgebra Linear'),
  ('Vinícius', 'Fernandes', '(11)98000034', 'Química Orgânica'),
  ('Natália', 'Guedes', '(11)98000035', 'Histologia'),
  ('Thiago', 'Leite', '(11)98000036', 'Eletromagnetismo'),
  ('Camila', 'Sales', '(11)98000037', 'Estradas'),
  ('Daniel', 'Vieira', '(11)98000038', 'Análise Matemática'),
  ('Juliana', 'Andrade', '(11)98000039', 'Instalações Elétricas'),
  ('Marcelo', 'Baptista', '(11)98000040', 'Termodinâmica'),
  ('Aline', 'Cunha', '(11)98000041', 'Linguagens Formais'),
  ('Eduardo', 'Duarte', '(11)98000042', 'Tópicos em Banco de Dados'),
  ('Renata', 'Evangelista', '(11)98000043', 'Fisiologia Humana'),
  ('Fábio', 'Fonseca', '(11)98000044', 'Microbiologia'),
  ('Silvia', 'Garcia', '(11)98000045', 'Projeto de Interface'),
  ('Roberto', 'Henriques', '(11)98000046', 'Inteligência Artificial Avançada'),
  ('Maria', 'Irineu', '(11)98000047', 'Inglês Instrumental'),
  ('Sérgio', 'Jesus', '(11)98000048', 'Ética e Responsabilidade Social'),
  ('Cláudia', 'Lemos', '(11)98000049', 'Técnicas de Negociação'),
  ('Antônio', 'Moraes', '(11)98000050', 'Música e Cultura Brasileira'),
  ('Luciana', 'Nunes', '(11)98000051', 'Filosofia da Educação'),
  ('Paulo', 'Ortiz', '(11)98000052', 'Metodologia Científica'),
  ('Sandra', 'Queiroz', '(11)98000053', 'Sociologia do Trabalho'),
  ('Vitor', 'Rangel', '(11)98000054', 'Psicologia Organizacional'),
  ('Daniela', 'Soares', '(11)98000055', 'Marketing Digital'),
  ('Eduardo', 'Trindade', '(11)98000056', 'Mídias Sociais'),
  ('Renata', 'Uchoa', '(11)98000057', 'História da Arte'),
  ('Gustavo', 'Valente', '(11)98000058', 'Teoria da Arquitetura'),
  ('Camila', 'Xavier', '(11)98000059', 'Legislação Brasileira'),
  ('Lucas', 'Zanetti', '(11)98000060', 'Processo Civil');

-- Inserir dados na tabela Aluno
INSERT INTO Aluno (Nome, Sobrenome, Telefone) VALUES
  ('João', 'Silva', '(21)99000001'),
  ('Ana', 'Santos', '(21)99000002'),
  ('Carlos', 'Souza', '(21)99000003'),
  ('Beatriz', 'Gomes', '(21)99000004'),
  ('Felipe', 'Silva', '(21)99000005'),
  ('Ricardo', 'Mendes', '(21)99000006'),
  ('Juliana', 'Rocha', '(21)99000007'),
  ('Thiago', 'Ferreira', '(21)99000008'),
  ('Eduardo', 'Dias', '(21)99000009'),
  ('Paula', 'Ferreira', '(21)99000010'),
  ('Mariana', 'Lima', '(21)99000011'),
  ('Felipe', 'Martins', '(21)99000012'),
  ('Gustavo', 'Martins', '(21)99000013'),
  ('Thiago', 'Costa', '(21)99000014'),
  ('Lucas', 'Costa', '(21)99000015'),
  ('Eduardo', 'Lima', '(21)99000016'),
  ('Paula', 'Almeida', '(21)99000017'),
  ('Felipe', 'Pereira', '(21)99000018'),
  ('Ricardo', 'Silva', '(21)99000019'),
  ('Fernanda', 'Oliveira', '(21)99000020'),
  ('Marcelo', 'Silveira', '(21)99000021'),
  ('Camila', 'Nascimento', '(21)99000022'),
  ('Amanda', 'Oliveira', '(21)99000023'),
  ('Rafael', 'Rodrigues', '(21)99000024'),
  ('Isabela', 'Costa', '(21)99000025'),
  ('Leonardo', 'Pereira', '(21)99000026'),
  ('Carolina', 'Alves', '(21)99000027'),
  ('Fernando', 'Carvalho', '(21)99000028'),
  ('Patrícia', 'Ribeiro', '(21)99000029'),
  ('Gustavo', 'Oliveira', '(21)99000030'),
  ('Bianca', 'Martins', '(21)99000031'),
  ('Ricardo', 'Almeida', '(21)99000032'),
  ('Larissa', 'Souza', '(21)99000033'),
  ('Vinícius', 'Fernandes', '(21)99000034'),
  ('Natália', 'Guedes', '(21)99000035'),
  ('Thiago', 'Leite', '(21)99000036'),
  ('Camila', 'Sales', '(21)99000037'),
  ('Daniel', 'Vieira', '(21)99000038'),
  ('Juliana', 'Andrade', '(21)99000039'),
  ('Marcelo', 'Baptista', '(21)99000040'),
  ('Aline', 'Cunha', '(21)99000041'),
  ('Eduardo', 'Duarte', '(21)99000042'),
  ('Renata', 'Evangelista', '(21)99000043'),
  ('Fábio', 'Fonseca', '(21)99000044'),
  ('Silvia', 'Garcia', '(21)99000045'),
  ('Roberto', 'Henriques', '(21)99000046'),
  ('Maria', 'Irineu', '(21)99000047'),
  ('Sérgio', 'Jesus', '(21)99000048'),
  ('Cláudia', 'Lemos', '(21)99000049'),
  ('Antônio', 'Moraes', '(21)99000050'),
  ('Luciana', 'Nunes', '(21)99000051'),
  ('Paulo', 'Ortiz', '(21)99000052'),
  ('Sandra', 'Queiroz', '(21)99000053'),
  ('Vitor', 'Rangel', '(21)99000054'),
  ('Daniela', 'Soares', '(21)99000055'),
  ('Eduardo', 'Trindade', '(21)99000056'),
  ('Renata', 'Uchoa', '(21)99000057'),
  ('Gustavo', 'Valente', '(21)99000058'),
  ('Camila', 'Xavier', '(21)99000059'),
  ('Lucas', 'Zanetti', '(21)99000060');

-- Inserir dados na tabela Matrícula
INSERT INTO Matrícula (NomeAluno, SobrenomeAluno, TelefoneAluno, NomeDisciplina, NomeProfessor, SobrenomeProfessor, TelefoneProfessor, PeríodoLetivo, DataMatrícula, Estado, Notas, BolsaOuDesconto, Confirmação, DataLimiteConfirmação, Taxas) VALUES
  ('João', 'Silva', '(21)99000001', 'Algoritmos I', 'João', 'Silva', '(11)98000001', '2025.1', '2025-01-10', 'Matriculado', '8.5', 'Nenhuma', TRUE, '2025-01-17', 0.00),
  ('Ana', 'Santos', '(21)99000002', 'Redes de Computadores', 'Carlos', 'Souza', '(11)98000003', '2025.1', '2025-01-10', 'Matriculado', '7.5', 'Bolsa Integral', TRUE, '2025-01-17', 0.00),
  ('Carlos', 'Souza', '(21)99000003', 'Engenharia de Software', 'Paula', 'Ferreira', '(11)98000013', '2025.2', '2025-01-15', 'Pendente', NULL, 'Nenhuma', FALSE, '2025-01-22', 200.00),
  ('Beatriz', 'Gomes', '(21)99000004', 'Direito Constitucional', 'Ana', 'Santos', '(11)98000002', '2025.2', '2025-01-20', 'Matriculado', '9.0', 'Desconto 50%', TRUE, '2025-01-25', 100.00),
  ('Felipe', 'Silva', '(21)99000005', 'Psicologia Geral', 'Beatriz', 'Gomes', '(11)98000004', '2025.1', '2025-01-15', 'Matriculado', '7.0', 'Nenhuma', TRUE, '2025-01-20', 0.00),
  ('Ricardo', 'Mendes', '(21)99000006', 'Engenharia Civil I', 'Ricardo', 'Mendes', '(11)98000006', '2025.1', '2025-01-10', 'Cancelado', NULL, 'Nenhuma', FALSE, '2025-01-17', 100.00),
  ('Juliana', 'Rocha', '(21)99000007', 'Geometria Descritiva', 'Lucas', 'Costa', '(11)98000015', '2025.2', '2025-01-25', 'Matriculado', '6.0', 'Bolsa Parcial', TRUE, '2025-02-01', 50.00),
  ('Thiago', 'Ferreira', '(21)99000008', 'Gestão de Projetos', 'Juliana', 'Rocha', '(11)98000007', '2025.1', '2025-01-10', 'Pendente', NULL, 'Nenhuma', FALSE, '2025-01-17', 150.00),
  ('Eduardo', 'Dias', '(21)99000009', 'Psicologia do Desenvolvimento', 'Thiago', 'Ferreira', '(11)98000008', '2025.2', '2025-01-15', 'Matriculado', '9.2', 'Bolsa Integral', TRUE, '2025-01-22', 0.00),
  ('Paula', 'Ferreira', '(21)99000010', 'Cálculo I', 'Eduardo', 'Dias', '(11)98000009', '2025.1', '2025-01-10', 'Matriculado', '8.0', 'Nenhuma', TRUE, '2025-01-17', 0.00),
  ('Mariana', 'Lima', '(21)99000011', 'Química Geral', 'Roberta', 'Gomes', '(11)98000010', '2025.2', '2025-01-20', 'Matriculado', '7.8', 'Desconto 25%', TRUE, '2025-01-27', 75.00),
  ('Felipe', 'Martins', '(21)99000012', 'Biologia Celular', 'Carlos', 'Almeida', '(11)98000017', '2025.1', '2025-01-25', 'Matriculado', '8.6', 'Bolsa Parcial', TRUE, '2025-02-01', 50.00),
  ('Gustavo', 'Martins', '(21)99000013', 'Física Geral', 'Felipe', 'Silva', '(11)98000005', '2025.2', '2025-01-30', 'Pendente', NULL, 'Nenhuma', FALSE, '2025-02-06', 120.00),
  ('Thiago', 'Costa', '(21)99000014', 'Desenho Técnico', 'Gustavo', 'Martins', '(11)98000016', '2025.1', '2025-01-10', 'Matriculado', '9.5', 'Bolsa Integral', TRUE, '2025-01-17', 0.00),
  ('Lucas', 'Costa', '(21)99000015', 'Cálculo II', 'Mariana', 'Lima', '(11)98000011', '2025.2', '2025-01-15', 'Matriculado', '7.2', 'Nenhuma', TRUE, '2025-01-22', 0.00),
  ('Eduardo', 'Lima', '(21)99000016', 'Circuitos Elétricos', 'Felipe', 'Martins', '(11)98000012', '2025.1', '2025-01-20', 'Matriculado', '8.9', 'Desconto 50%', TRUE, '2025-01-27', 100.00),
  ('Paula', 'Almeida', '(21)99000017', 'Mecânica dos Fluidos', 'Felipe', 'Pereira', '(11)98000018', '2025.2', '2025-01-25', 'Matriculado', '6.8', 'Bolsa Parcial', TRUE, '2025-02-01', 50.00),
  ('Felipe', 'Pereira', '(21)99000018', 'Teoria da Computação', 'Fernanda', 'Oliveira', '(11)98000021', '2025.1', '2025-01-30', 'Pendente', NULL, 'Nenhuma', FALSE, '2025-02-06', 150.00),
  ('Ricardo', 'Silva', '(21)99000019', 'Sistemas Operacionais Avançados', 'Thiago', 'Costa', '(11)98000014', '2025.2', '2025-01-10', 'Matriculado', '9.1', 'Bolsa Integral', TRUE, '2025-01-17', 0.00),
  ('Fernanda', 'Oliveira', '(21)99000020', 'Anatomia Humana', 'Ricardo', 'Santos', '(11)98000019', '2025.2', '2025-01-15', 'Matriculado', '8.2', 'Nenhuma', TRUE, '2025-01-22', 0.00),
  ('Marcelo', 'Silveira', '(21)99000021', 'Bioquímica', 'Marcelo', 'Silveira', '(11)98000022', '2025.1', '2025-01-20', 'Matriculado', '7.9', 'Desconto 50%', TRUE, '2025-01-27', 100.00),
  ('Camila', 'Nascimento', '(21)99000022', 'Algoritmos I', 'João', 'Silva', '(11)98000001', '2025.1', '2025-01-25', 'Matriculado', '8.7', 'Bolsa Parcial', TRUE, '2025-02-01', 50.00),
  ('Amanda', 'Oliveira', '(21)99000023', 'Engenharia de Requisitos', 'Amanda', 'Oliveira', '(11)98000023', '2025.2', '2025-01-30', 'Matriculado', '9.3', 'Bolsa Integral', TRUE, '2025-02-06', 0.00),
  ('Rafael', 'Rodrigues', '(21)99000024', 'Testes de Software', 'Rafael', 'Rodrigues', '(11)98000024', '2025.1', '2025-02-05', 'Matriculado', '6.5', 'Desconto 75%', TRUE, '2025-02-12', 25.00),
  ('Isabela', 'Costa', '(21)99000025', 'Gerência de Configuração', 'Isabela', 'Costa', '(11)98000025', '2025.2', '2025-02-10', 'Matriculado', '7.7', 'Bolsa Parcial', TRUE, '2025-02-17', 60.00),
  ('Leonardo', 'Pereira', '(21)99000026', 'Direito Penal', 'Leonardo', 'Pereira', '(11)98000026', '2025.1', '2025-02-15', 'Pendente', NULL, 'Nenhuma', FALSE, '2025-02-22', 180.00),
  ('Carolina', 'Alves', '(21)99000027', 'Direito Civil', 'Carolina', 'Alves', '(11)98000027', '2025.2', '2025-02-20', 'Matriculado', '8.1', 'Desconto 25%', TRUE, '2025-02-27', 75.00),
  ('Fernando', 'Carvalho', '(21)99000028', 'Psicopatologia', 'Fernando', 'Carvalho', '(11)98000028', '2025.1', '2025-02-25', 'Matriculado', '7.3', 'Nenhuma', TRUE, '2025-03-04', 0.00),
  ('Patrícia', 'Ribeiro', '(21)99000029', 'Resistência dos Materiais', 'Patrícia', 'Ribeiro', '(11)98000029', '2025.2', '2025-03-01', 'Cancelado', NULL, 'Nenhuma', FALSE, '2025-03-08', 120.00),
  ('Gustavo', 'Oliveira', '(21)99000030', 'Topografia', 'Gustavo', 'Oliveira', '(11)98000030', '2025.1', '2025-03-05', 'Matriculado', '9.4', 'Bolsa Integral', TRUE, '2025-03-12', 0.00),
  ('Bianca', 'Martins', '(21)99000031', 'Contabilidade Gerencial', 'Bianca', 'Martins', '(11)98000031', '2025.2', '2025-03-10', 'Matriculado', '6.9', 'Desconto 50%', TRUE, '2025-03-17', 100.00),
  ('Ricardo', 'Almeida', '(21)99000032', 'Didática', 'Ricardo', 'Almeida', '(11)98000032', '2025.1', '2025-03-15', 'Matriculado', '8.8', 'Bolsa Parcial', TRUE, '2025-03-22', 50.00),
  ('Larissa', 'Souza', '(21)99000033', 'Álgebra Linear', 'Larissa', 'Souza', '(11)98000033', '2025.2', '2025-03-20', 'Pendente', NULL, 'Nenhuma', FALSE, '2025-03-27', 160.00),
  ('Vinícius', 'Fernandes', '(21)99000034', 'Química Orgânica', 'Vinícius', 'Fernandes', '(11)98000034', '2025.1', '2025-03-25', 'Matriculado', '7.6', 'Bolsa Integral', TRUE, '2025-04-01', 0.00),
  ('Natália', 'Guedes', '(21)99000035', 'Histologia', 'Natália', 'Guedes', '(11)98000035', '2025.2', '2025-03-30', 'Matriculado', '9.6', 'Desconto 25%', TRUE, '2025-04-06', 75.00),
  ('Thiago', 'Leite', '(21)99000036', 'Eletromagnetismo', 'Thiago', 'Leite', '(11)98000036', '2025.1', '2025-04-05', 'Matriculado', '6.7', 'Nenhuma', TRUE, '2025-04-12', 0.00),
  ('Camila', 'Sales', '(21)99000037', 'Estradas', 'Camila', 'Sales', '(11)98000037', '2025.2', '2025-04-10', 'Cancelado', NULL, 'Nenhuma', FALSE, '2025-04-17', 140.00),
  ('Daniel', 'Vieira', '(21)99000038', 'Análise Matemática', 'Daniel', 'Vieira', '(11)98000038', '2025.1', '2025-04-15', 'Matriculado', '8.3', 'Bolsa Parcial', TRUE, '2025-04-22', 50.00),
  ('Juliana', 'Andrade', '(21)99000039', 'Instalações Elétricas', 'Juliana', 'Andrade', '(11)98000039', '2025.2', '2025-04-20', 'Matriculado', '7.4', 'Desconto 75%', TRUE, '2025-04-27', 25.00),
  ('Marcelo', 'Baptista', '(21)99000040', 'Termodinâmica', 'Marcelo', 'Baptista', '(11)98000040', '2025.1', '2025-04-25', 'Matriculado', '9.7', 'Bolsa Integral', TRUE, '2025-05-02', 0.00),
  ('Aline', 'Cunha', '(21)99000041', 'Linguagens Formais', 'Aline', 'Cunha', '(11)98000041', '2025.2', '2025-04-30', 'Pendente', NULL, 'Nenhuma', FALSE, '2025-05-07', 220.00),
  ('Eduardo', 'Duarte', '(21)99000042', 'Tópicos em Banco de Dados', 'Eduardo', 'Duarte', '(11)98000042', '2025.1', '2025-05-05', 'Matriculado', '6.6', 'Bolsa Parcial', TRUE, '2025-05-12', 50.00),
  ('Renata', 'Evangelista', '(21)99000043', 'Fisiologia Humana', 'Renata', 'Evangelista', '(11)98000043', '2025.2', '2025-05-10', 'Matriculado', '8.4', 'Desconto 50%', TRUE, '2025-05-17', 100.00),
  ('Fábio', 'Fonseca', '(21)99000044', 'Microbiologia', 'Fábio', 'Fonseca', '(11)98000044', '2025.1', '2025-05-15', 'Matriculado', '7.1', 'Nenhuma', TRUE, '2025-05-22', 0.00),
  ('Silvia', 'Garcia', '(21)99000045', 'Projeto de Interface', 'Silvia', 'Garcia', '(11)98000045', '2025.2', '2025-05-20', 'Pendente', NULL, 'Nenhuma', FALSE, '2025-05-27', 190.00),
  ('Roberto', 'Henriques', '(21)99000046', 'Inteligência Artificial Avançada', 'Roberto', 'Henriques', '(11)98000046', '2025.1', '2025-05-25', 'Matriculado', '9.8', 'Bolsa Integral', TRUE, '2025-06-01', 0.00),
  ('Maria', 'Irineu', '(21)99000047', 'Inglês Instrumental', 'Maria', 'Irineu', '(11)98000047', '2025.2', '2025-05-30', 'Matriculado', '6.4', 'Desconto 75%', TRUE, '2025-06-06', 25.00),
  ('Sérgio', 'Jesus', '(21)99000048', 'Ética e Responsabilidade Social', 'Sérgio', 'Jesus', '(11)98000048', '2025.1', '2025-06-04', 'Matriculado', '8.5', 'Bolsa Parcial', TRUE, '2025-06-11', 50.00),
  ('Cláudia', 'Lemos', '(21)99000049', 'Técnicas de Negociação', 'Cláudia', 'Lemos', '(11)98000049', '2025.2', '2025-06-09', 'Matriculado', '7.7', 'Nenhuma', TRUE, '2025-06-16', 0.00),
  ('Antônio', 'Moraes', '(21)99000050', 'Música e Cultura Brasileira', 'Antônio', 'Moraes', '(11)98000050', '2025.1', '2025-06-14', 'Cancelado', NULL, 'Nenhuma', FALSE, '2025-06-21', 110.00),
  ('Luciana', 'Nunes', '(21)99000051', 'Filosofia da Educação', 'Luciana', 'Nunes', '(11)98000051', '2025.2', '2025-06-19', 'Matriculado', '9.3', 'Bolsa Integral', TRUE, '2025-06-26', 0.00),
  ('Paulo', 'Ortiz', '(21)99000052', 'Metodologia Científica', 'Paulo', 'Ortiz', '(11)98000052', '2025.1', '2025-06-24', 'Matriculado', '6.8', 'Desconto 25%', TRUE, '2025-07-01', 75.00),
  ('Sandra', 'Queiroz', '(21)99000053', 'Sociologia do Trabalho', 'Sandra', 'Queiroz', '(11)98000053', '2025.2', '2025-06-29', 'Matriculado', '8.9', 'Nenhuma', TRUE, '2025-07-06', 0.00),
  ('Vitor', 'Rangel', '(21)99000054', 'Psicologia Organizacional', 'Vitor', 'Rangel', '(11)98000054', '2025.1', '2025-07-04', 'Pendente', NULL, 'Nenhuma', FALSE, '2025-07-11', 210.00),
  ('Daniela', 'Soares', '(21)99000055', 'Marketing Digital', 'Daniela', 'Soares', '(11)98000055', '2025.2', '2025-07-09', 'Matriculado', '7.2', 'Bolsa Parcial', TRUE, '2025-07-16', 50.00),
  ('Eduardo', 'Trindade', '(21)99000056', 'Mídias Sociais', 'Eduardo', 'Trindade', '(11)98000056', '2025.1', '2025-07-14', 'Matriculado', '9.9', 'Desconto 50%', TRUE, '2025-07-21', 100.00),
  ('Renata', 'Uchoa', '(21)99000057', 'História da Arte', 'Renata', 'Uchoa', '(11)98000057', '2025.2', '2025-07-19', 'Matriculado', '6.3', 'Bolsa Parcial', TRUE, '2025-07-26', 50.00),
  ('Gustavo', 'Valente', '(21)99000058', 'Teoria da Arquitetura', 'Gustavo', 'Valente', '(11)98000058', '2025.1', '2025-07-24', 'Matriculado', '8.7', 'Nenhuma', TRUE, '2025-07-31', 0.00),
  ('Camila', 'Xavier', '(21)99000059', 'Legislação Brasileira', 'Camila', 'Xavier', '(11)98000059', '2025.2', '2025-07-29', 'Pendente', NULL, 'Nenhuma', FALSE, '2025-08-05', 170.00),
  ('Lucas', 'Zanetti', '(21)99000060', 'Processo Civil', 'Lucas', 'Zanetti', '(11)98000060', '2025.1', '2025-08-03', 'Matriculado', '7.8', 'Bolsa Integral', TRUE, '2025-08-10', 0.00);

-- Inserir dados na tabela Mensagens
INSERT INTO Mensagens (Remetente_Nome, Remetente_Sobrenome, Remetente_Telefone, Destinatario_Nome, Destinatario_Sobrenome, Destinatario_Telefone, Timestampe, Texto) VALUES
  ('João', 'Silva', '(21)99000001', 'Ana', 'Santos', '(21)99000002', '2025-01-01 10:00:00', 'Mensagem importante sobre a reunião de amanhã.'),
  ('Carlos', 'Souza', '(21)99000003', 'Beatriz', 'Gomes', '(21)99000004', '2025-01-02 11:00:00', 'Gostaria de discutir o andamento do projeto.'),
  ('Ricardo', 'Mendes', '(21)99000006', 'Felipe', 'Silva', '(21)99000005', '2025-01-02 12:00:00', 'A avaliação de Psicologia será na próxima semana.'),
  ('Juliana', 'Rocha', '(21)99000007', 'Eduardo', 'Dias', '(21)99000009', '2025-01-03 14:00:00', 'Preciso de ajuda com a matéria de Cálculo.'),
  ('Thiago', 'Ferreira', '(21)99000008', 'Paula', 'Ferreira', '(21)99000010', '2025-01-04 15:00:00', 'Não se esqueça de entregar o trabalho até sexta.'),
  ('Eduardo', 'Dias', '(21)99000009', 'Mariana', 'Lima', '(21)99000011', '2025-01-04 16:00:00', 'Envio os slides da última aula.'),
  ('Paula', 'Ferreira', '(21)99000010', 'Gustavo', 'Martins', '(21)99000013', '2025-01-05 17:00:00', 'Confirmando nossa reunião para amanhã às 10h.'),
  ('Mariana', 'Lima', '(21)99000011', 'Felipe', 'Martins', '(21)99000012', '2025-01-05 18:00:00', 'Foi uma boa aula sobre Redes de Computadores.'),
  ('Felipe', 'Silva', '(21)99000005', 'Ricardo', 'Silva', '(21)99000019', '2025-01-06 09:00:00', 'O encontro foi muito produtivo ontem.'),
  ('Ricardo', 'Santos', '(21)99000019', 'Paula', 'Ferreira', '(21)99000010', '2025-01-06 10:00:00', 'Gostaria de combinar os próximos passos para o projeto.'),
  ('Juliana', 'Martins', '(21)99000013', 'Gustavo', 'Martins', '(21)99000013', '2025-01-07 10:30:00', 'Poderia me enviar os materiais de ontem?'),
  ('Tatiane', 'Silva', '(21)99000014', 'Thiago', 'Ferreira', '(21)99000008', '2025-01-07 12:00:00', 'Lembre-se de agendar o encontro com o chefe.'),
  ('Carlos', 'Almeida', '(21)99000015', 'Paula', 'Almeida', '(21)99000017', '2025-01-08 14:00:00', 'A reunião sobre o projeto de Física foi remarcada.'),
  ('Mariana', 'Santos', '(21)99000016', 'João', 'Silva', '(21)99000001', '2025-01-08 15:30:00', 'Atualização sobre o andamento da pesquisa.'),
  ('Ricardo', 'Barbosa', '(21)99000017', 'Beatriz', 'Gomes', '(21)99000004', '2025-01-09 10:00:00', 'Estarei disponível amanhã para revisar o material.'),
  ('Thiago', 'Costa', '(21)99000014', 'Lucas', 'Costa', '(21)99000015', '2025-01-09 11:30:00', 'O prazo para a entrega do trabalho foi estendido.'),
  ('Gustavo', 'Martins', '(21)99000013', 'Paula', 'Almeida', '(21)99000017', '2025-01-09 12:30:00', 'Confirmando nossa reunião para sexta-feira.'),
  ('Felipe', 'Pereira', '(21)99000018', 'Ricardo', 'Silva', '(21)99000019', '2025-01-10 13:00:00', 'Acredito que a solução proposta está funcionando bem.'),
  ('Carlos', 'Barbosa', '(21)99000019', 'Juliana', 'Rocha', '(21)99000007', '2025-01-10 14:00:00', 'Acho que devemos revisar os cálculos do projeto de Engenharia.'),
  ('Fernanda', 'Oliveira', '(21)99000020', 'Camila', 'Nascimento', '(21)99000022', '2025-01-11 11:00:00', 'Você pode me ajudar com Química Orgânica?'),
  ('Marcelo', 'Silveira', '(21)99000021', 'João', 'Silva', '(21)99000001', '2025-01-12 15:00:00', 'Preciso conversar sobre o projeto de Economia.'),
  ('Camila', 'Nascimento', '(21)99000022', 'Beatriz', 'Gomes', '(21)99000004', '2025-01-13 09:00:00', 'A avaliação de Psicologia está chegando!'),
  ('Amanda', 'Oliveira', '(21)99000023', 'Rafael', 'Rodrigues', '(21)99000024', '2025-01-14 10:00:00', 'Alguma novidade sobre o projeto?'),
  ('Rafael', 'Rodrigues', '(21)99000024', 'Isabela', 'Costa', '(21)99000025', '2025-01-15 11:00:00', 'Você pode verificar os resultados?'),
  ('Isabela', 'Costa', '(21)99000025', 'Leonardo', 'Pereira', '(21)99000026', '2025-01-16 12:00:00', 'Como anda a revisão?'),
  ('Leonardo', 'Pereira', '(21)99000026', 'Carolina', 'Alves', '(21)99000027', '2025-01-17 13:00:00', 'Temos reunião hoje à tarde.'),
  ('Carolina', 'Alves', '(21)99000027', 'Fernando', 'Carvalho', '(21)99000028', '2025-01-18 14:00:00', 'Preciso dos dados para o relatório.'),
  ('Fernando', 'Carvalho', '(21)99000028', 'Patrícia', 'Ribeiro', '(21)99000029', '2025-01-19 15:00:00', 'O prazo está chegando.'),
  ('Patrícia', 'Ribeiro', '(21)99000029', 'Gustavo', 'Oliveira', '(21)99000030', '2025-01-20 16:00:00', 'Você pode me ajudar com a apresentação?'),
  ('Gustavo', 'Oliveira', '(21)99000030', 'Bianca', 'Martins', '(21)99000031', '2025-01-21 17:00:00', 'A reunião será na sala principal.'),
  ('Bianca', 'Martins', '(21)99000031', 'Ricardo', 'Almeida', '(21)99000032', '2025-01-22 18:00:00', 'Confirmado o horário da defesa.'),
  ('Ricardo', 'Almeida', '(21)99000032', 'Larissa', 'Souza', '(21)99000033', '2025-01-23 09:00:00', 'Enviei o documento para revisão.'),
  ('Larissa', 'Souza', '(21)99000033', 'Vinícius', 'Fernandes', '(21)99000034', '2025-01-24 10:00:00', 'A apresentação será na próxima semana.'),
  ('Vinícius', 'Fernandes', '(21)99000034', 'Natália', 'Guedes', '(21)99000035', '2025-01-25 11:00:00', 'Precisamos finalizar o projeto.'),
  ('Natália', 'Guedes', '(21)99000035', 'Thiago', 'Leite', '(21)99000036', '2025-01-26 12:00:00', 'Pode me enviar os seus slides?'),
  ('Thiago', 'Leite', '(21)99000036', 'Camila', 'Sales', '(21)99000037', '2025-01-27 13:00:00', 'Estarei disponível para ajudar amanhã.'),
  ('Camila', 'Sales', '(21)99000037', 'Daniel', 'Vieira', '(21)99000038', '2025-01-28 14:00:00', 'Não se esqueça da reunião com o orientador.'),
  ('Daniel', 'Vieira', '(21)99000038', 'Juliana', 'Andrade', '(21)99000039', '2025-01-29 15:00:00', 'Você pode revisar o código?'),
  ('Juliana', 'Andrade', '(21)99000039', 'Marcelo', 'Baptista', '(21)99000040', '2025-01-30 16:00:00', 'Confirmei a sala para a apresentação.'),
  ('Marcelo', 'Baptista', '(21)99000040', 'Aline', 'Cunha', '(21)99000041', '2025-01-31 17:00:00', 'Preparei o material de apoio.'),
  ('Aline', 'Cunha', '(21)99000041', 'Eduardo', 'Duarte', '(21)99000042', '2025-02-01 18:00:00', 'O relatório deve ser entregue até sexta.'),
  ('Eduardo', 'Duarte', '(21)99000042', 'Renata', 'Evangelista', '(21)99000043', '2025-02-02 09:00:00', 'Preciso da sua assinatura no documento.'),
  ('Renata', 'Evangelista', '(21)99000043', 'Fábio', 'Fonseca', '(21)99000044', '2025-02-03 10:00:00', 'Você pode verificar as referências?'),
  ('Fábio', 'Fonseca', '(21)99000044', 'Silvia', 'Garcia', '(21)99000045', '2025-02-04 11:00:00', 'O encontro foi muito produtivo.'),
  ('Silvia', 'Garcia', '(21)99000045', 'Roberto', 'Henriques', '(21)99000046', '2025-02-05 12:00:00', 'Gostaria de saber a sua opinião.'),
  ('Roberto', 'Henriques', '(21)99000046', 'Maria', 'Irineu', '(21)99000047', '2025-02-06 13:00:00', 'Vamos conversar sobre o próximo passo.'),
  ('Maria', 'Irineu', '(21)99000047', 'Sérgio', 'Jesus', '(21)99000048', '2025-02-07 14:00:00', 'Pode me passar o contato do cliente?'),
  ('Sérgio', 'Jesus', '(21)99000048', 'Cláudia', 'Lemos', '(21)99000049', '2025-02-08 15:00:00', 'Tenho algumas dúvidas sobre o contrato.'),
  ('Cláudia', 'Lemos', '(21)99000049', 'Antônio', 'Moraes', '(21)99000050', '2025-02-09 16:00:00', 'Podemos marcar uma reunião para discutir?'),
  ('Antônio', 'Moraes', '(21)99000050', 'Luciana', 'Nunes', '(21)99000051', '2025-02-10 10:00:00', 'Revisar o projeto antes da apresentação.'),
  ('Luciana', 'Nunes', '(21)99000051', 'Paulo', 'Ortiz', '(21)99000052', '2025-02-11 11:00:00', 'Preciso da sua ajuda com a análise.'),
  ('Paulo', 'Ortiz', '(21)99000052', 'Sandra', 'Queiroz', '(21)99000053', '2025-02-12 12:00:00', 'Confirmar os dados antes da entrega.'),
  ('Sandra', 'Queiroz', '(21)99000053', 'Vitor', 'Rangel', '(21)99000054', '2025-02-13 13:00:00', 'Verificar as referências no final.'),
  ('Vitor', 'Rangel', '(21)99000054', 'Daniela', 'Soares', '(21)99000055', '2025-02-14 14:00:00', 'Acertar os detalhes da apresentação.'),
  ('Daniela', 'Soares', '(21)99000055', 'Eduardo', 'Trindade', '(21)99000056', '2025-02-15 15:00:00', 'Preparar o material para a reunião.'),
  ('Eduardo', 'Trindade', '(21)99000056', 'Renata', 'Uchoa', '(21)99000057', '2025-02-16 16:00:00', 'Enviar o relatório antes do prazo.'),
  ('Renata', 'Uchoa', '(21)99000057', 'Gustavo', 'Valente', '(21)99000058', '2025-02-17 17:00:00', 'Corrigir os erros antes de imprimir.'),
  ('Gustavo', 'Valente', '(21)99000058', 'Camila', 'Xavier', '(21)99000059', '2025-02-18 18:00:00', 'Enviar os dados para o gráfico.'),
  ('Camila', 'Xavier', '(21)99000059', 'Lucas', 'Zanetti', '(21)99000060', '2025-02-19 09:00:00', 'Finalizar a edição do artigo.');
   
-- Inserir dados na tabela Avisos
INSERT INTO Avisos (Remetente_Nome, Remetente_Sobrenome, Remetente_Telefone, Destinatario_Nome, Destinatario_Sobrenome, Destinatario_Telefone, Timestampe,Texto) VALUES
  ('Paula', 'Ferreira', '(21)99000010', 'Eduardo', 'Dias', '(21)99000009', '2025-01-01 08:00:00', 'Lembre-se de revisar o conteúdo de ontem.'),
  ('Mariana', 'Lima', '(21)99000011', 'Ricardo', 'Mendes', '(21)99000006', '2025-01-02 09:30:00', 'A aula sobre Cálculo será na próxima semana.'),
  ('Felipe', 'Silva', '(21)99000005', 'Juliana', 'Rocha', '(21)99000007', '2025-01-02 10:00:00', 'Lembre-se de enviar o relatório até sexta.'),
  ('Gustavo', 'Martins', '(21)99000013', 'Ricardo', 'Almeida', '(21)99000017', '2025-01-03 11:00:00', 'O prazo para entrega dos trabalhos foi estendido.'),
  ('Thiago', 'Ferreira', '(21)99000008', 'Lucas', 'Costa', '(21)99000015', '2025-01-03 12:30:00', 'Por favor, confirme sua presença na reunião de amanhã.'),
  ('Eduardo', 'Lima', '(21)99000016', 'Carlos', 'Almeida', '(21)99000017', '2025-01-04 14:00:00', 'A avaliação de Sistemas será na próxima segunda-feira.'),
  ('Ricardo', 'Mendes', '(21)99000006', 'Paula', 'Ferreira', '(21)99000010', '2025-01-04 15:30:00', 'Não se esqueça da reunião do projeto de Psicologia.'),
  ('Juliana', 'Rocha', '(21)99000007', 'Eduardo', 'Dias', '(21)99000009', '2025-01-05 16:00:00', 'Aula de Engenharia de Software foi cancelada amanhã.'),
  ('Paula', 'Ferreira', '(21)99000010', 'Mariana', 'Lima', '(21)99000011', '2025-01-06 17:00:00', 'O encontro sobre Cálculo será em breve.'),
  ('Felipe', 'Silva', '(21)99000005', 'Thiago', 'Ferreira', '(21)99000008', '2025-01-06 18:00:00', 'Por favor, revise os slides antes da nossa reunião.'),
  ('Carlos', 'Souza', '(21)99000003', 'Ricardo', 'Silva', '(21)99000019', '2025-01-07 09:00:00', 'O projeto de Redes precisa ser entregue até sexta-feira.'),
  ('Ricardo', 'Mendes', '(21)99000006', 'Lucas', 'Costa', '(21)99000015', '2025-01-07 10:00:00', 'A reunião foi reagendada para amanhã.'),
  ('Juliana', 'Rocha', '(21)99000007', 'Gustavo', 'Martins', '(21)99000013', '2025-01-08 11:30:00', 'Reunião importante sobre os relatórios da disciplina de Design.'),
  ('Thiago', 'Ferreira', '(21)99000008', 'Eduardo', 'Lima', '(21)99000016', '2025-01-08 13:00:00', 'A reunião foi reagendada para sexta-feira.'),
  ('Eduardo', 'Dias', '(21)99000009', 'Paula', 'Almeida', '(21)99000017', '2025-01-09 14:00:00', 'Aula de Biologia foi cancelada ontem.'),
  ('Felipe', 'Silva', '(21)99000005', 'Ricardo', 'Barbosa', '(21)99000017', '2025-01-09 15:00:00', 'Lembre-se de revisar a aula de Matemática.'),
  ('Gustavo', 'Martins', '(21)99000013', 'Mariana', 'Santos', '(21)99000016', '2025-01-10 16:30:00', 'Preciso que envie o relatório de avaliação até sexta-feira.'),
  ('Paula', 'Ferreira', '(21)99000010', 'Lucas', 'Costa', '(21)99000015', '2025-01-10 18:00:00', 'A próxima aula de Psicologia será dia 15.'),
  ('Fernanda', 'Oliveira', '(21)99000020', 'Marcelo', 'Silveira', '(21)99000021', '2025-01-11 12:00:00', 'A prova de Química está chegando!'),
  ('Marcelo', 'Silveira', '(21)99000021', 'Camila', 'Nascimento', '(21)99000022', '2025-01-12 16:00:00', 'Não esqueça do trabalho de Economia.'),
  ('Camila', 'Nascimento', '(21)99000022', 'Ricardo', 'Mendes', '(21)99000006', '2025-01-13 10:00:00', 'A aula de Psicologia foi remarcada para sexta.'),
  ('Amanda', 'Oliveira', '(21)99000023', 'Leonardo', 'Pereira', '(21)99000026', '2025-02-10 10:00:00', 'Revisar o projeto antes da apresentação.'),
  ('Rafael', 'Rodrigues', '(21)99000024', 'Paulo', 'Ortiz', '(21)99000052', '2025-02-11 11:00:00', 'Preciso da sua ajuda com a análise.'),
  ('Isabela', 'Costa', '(21)99000025', 'Gustavo', 'Martins', '(21)99000013', '2025-02-12 12:00:00', 'Confirmar os dados antes da entrega.'),
  ('Leonardo', 'Pereira', '(21)99000026', 'Aline', 'Cunha', '(21)99000041', '2025-02-13 13:00:00', 'Verificar as referências no final.'),
  ('Carolina', 'Alves', '(21)99000027', 'Sérgio', 'Jesus', '(21)99000048', '2025-02-14 14:00:00', 'Acertar os detalhes da apresentação.'),
  ('Fernando', 'Carvalho', '(21)99000028', 'Ana', 'Santos', '(21)99000002', '2025-02-15 15:00:00', 'Preparar o material para a reunião.'),
  ('Patrícia', 'Ribeiro', '(21)99000029', 'João', 'Silva', '(21)99000001', '2025-02-16 16:00:00', 'Enviar o relatório antes do prazo.'),
  ('Gustavo', 'Oliveira', '(21)99000030', 'Juliana', 'Rocha', '(21)99000007', '2025-02-17 17:00:00', 'Corrigir os erros antes de imprimir.'),
  ('Bianca', 'Martins', '(21)99000031', 'Felipe', 'Martins', '(21)99000012', '2025-02-18 18:00:00', 'Enviar os dados para o gráfico.'),
  ('Ricardo', 'Almeida', '(21)99000032', 'Paulo', 'Ferreira', '(21)99000010', '2025-02-19 09:00:00', 'Finalizar a edição do artigo.'),
  ('Larissa', 'Souza', '(21)99000033', 'Isabela', 'Costa', '(21)99000025', '2025-02-20 10:00:00', 'Nova versão do projeto disponível.'),
  ('Vinícius', 'Fernandes', '(21)99000034', 'Rafael', 'Rodrigues', '(21)99000024', '2025-02-21 11:00:00', 'Relembrar do compromisso agendado.'),
  ('Natália', 'Guedes', '(21)99000035', 'Ana', 'Santos', '(21)99000002', '2025-02-22 12:00:00', 'Não esquecer do material para o evento.'),
  ('Thiago', 'Leite', '(21)99000036', 'Carlos', 'Souza', '(21)99000003', '2025-02-23 13:00:00', 'Preparar os slides para a defesa.'),
  ('Camila', 'Sales', '(21)99000037', 'Beatriz', 'Gomes', '(21)99000004', '2025-02-24 14:00:00', 'Enviar o resumo para a publicação.'),
  ('Daniel', 'Vieira', '(21)99000038', 'Felipe', 'Silva', '(21)99000005', '2025-02-25 15:00:00', 'Checar o e-mail para as novidades.'),
  ('Juliana', 'Andrade', '(21)99000039', 'Paula', 'Ferreira', '(21)99000010', '2025-02-26 16:00:00', 'Ligar para confirmar presença na reunião.'),
  ('Marcelo', 'Baptista', '(21)99000040', 'Ricardo', 'Mendes', '(21)99000006', '2025-02-27 17:00:00', 'Fazer os ajustes finais no texto.'),
  ('Aline', 'Cunha', '(21)99000041', 'Gustavo', 'Martins', '(21)99000013', '2025-02-28 18:00:00', 'Entrar em contato para fechar a parceria.'),
  ('Eduardo', 'Duarte', '(21)99000042', 'Mariana', 'Lima', '(21)99000011', '2025-03-01 09:00:00', 'Atualizar o sistema com as novas informações.');

-- Inserir dados na tabela Avaliação
INSERT INTO Avaliação (NomeAluno, SobrenomeAluno, TelefoneAluno, NomeDisciplina, NomeProfessor, SobrenomeProfessor, TelefoneProfessor, PeríodoLetivo, Comentário, NotaDidática, NotaMaterial, NotaConteúdo, NotaInfraestrutura) VALUES
  ('João', 'Silva', '(21)99000001', 'Algoritmos I', 'João', 'Silva', '(11)98000001', '2025.1', 'Aulas muito boas, mas o conteúdo foi desafiador.', 9, 8, 9, 8),
  ('Ana', 'Santos', '(21)99000002', 'Redes de Computadores', 'Carlos', 'Souza', '(11)98000003', '2025.1', 'Conteúdo ótimo, porém poderia ser mais prático.', 8, 9, 8, 9),
  ('Carlos', 'Souza', '(21)99000003', 'Engenharia de Software', 'Paula', 'Ferreira', '(11)98000013', '2025.2', 'Conteúdo interessante, mas muita teoria.', 7, 8, 7, 8),
  ('Beatriz', 'Gomes', '(21)99000004', 'Direito Constitucional', 'Ana', 'Santos', '(11)98000002', '2025.2', 'Excelente abordagem do conteúdo, aprendi muito.', 9, 9, 9, 9),
  ('Felipe', 'Silva', '(21)99000005', 'Psicologia Geral', 'Beatriz', 'Gomes', '(11)98000004', '2025.1', 'As aulas foram boas, mas o conteúdo estava bem teórico.', 7, 6, 8, 7),
  ('Ricardo', 'Mendes', '(21)99000006', 'Engenharia Civil I', 'Ricardo', 'Mendes', '(11)98000006', '2025.1', 'Aulas práticas, mas o conteúdo teórico não foi bem abordado.', 6, 8, 7, 6),
  ('Juliana', 'Rocha', '(21)99000007', 'Geometria Descritiva', 'Lucas', 'Costa', '(11)98000015', '2025.2', 'Bom conteúdo, mas muito conteúdo de uma vez.', 8, 7, 8, 7),
  ('Thiago', 'Ferreira', '(21)99000008', 'Gestão de Projetos', 'Juliana', 'Rocha', '(11)98000007', '2025.1', 'A aula foi bem explicada, gostei dos exemplos.', 9, 9, 9, 9),
  ('Eduardo', 'Dias', '(21)99000009', 'Psicologia do Desenvolvimento', 'Thiago', 'Ferreira', '(11)98000008', '2025.2', 'Muito bom, gostei das discussões em sala.', 9, 8, 9, 8),
  ('Paula', 'Ferreira', '(21)99000010', 'Cálculo I', 'Eduardo', 'Dias', '(11)98000009', '2025.1', 'Conteúdo claro, mas a carga de exercícios foi alta.', 7, 7, 8, 6),
  ('Mariana', 'Lima', '(21)99000011', 'Química Geral', 'Roberta', 'Gomes', '(11)98000010', '2025.2', 'Gostei muito do conteúdo prático.', 8, 9, 8, 9),
  ('Felipe', 'Martins', '(21)99000012', 'Biologia Celular', 'Carlos', 'Almeida', '(11)98000017', '2025.1', 'Achei a aula muito teórica.', 6, 7, 7, 6),
  ('Gustavo', 'Martins', '(21)99000013', 'Física Geral', 'Felipe', 'Silva', '(11)98000005', '2025.2', 'Aulas bem explicadas, porém rápidas.', 8, 8, 9, 8),
  ('Thiago', 'Costa', '(21)99000014', 'Desenho Técnico', 'Gustavo', 'Martins', '(11)98000016', '2025.1', 'Excelente didática, recomendo!', 9, 9, 9, 9),
  ('Lucas', 'Costa', '(21)99000015', 'Cálculo II', 'Mariana', 'Lima', '(11)98000011', '2025.2', 'Achei o conteúdo difícil.', 7, 6, 7, 6),
  ('Eduardo', 'Lima', '(21)99000016', 'Circuitos Elétricos', 'Felipe', 'Martins', '(11)98000012', '2025.1', 'Aulas bem interativas.', 8, 8, 8, 8),
  ('Paula', 'Almeida', '(21)99000017', 'Mecânica dos Fluidos', 'Felipe', 'Pereira', '(11)98000018', '2025.2', 'Gostaria de mais exemplos práticos.', 7, 8, 7, 7),
  ('Felipe', 'Pereira', '(21)99000018', 'Teoria da Computação', 'Fernanda', 'Oliveira', '(11)98000021', '2025.1', 'Professor(a) explica muito bem.', 9, 9, 9, 9),
  ('Ricardo', 'Silva', '(21)99000019', 'Sistemas Operacionais Avançados', 'Thiago', 'Costa', '(11)98000014', '2025.2', 'Conteúdo avançado, mas bem abordado.', 8, 8, 8, 8),
  ('Fernanda', 'Oliveira', '(21)99000020', 'Anatomia Humana', 'Ricardo', 'Santos', '(11)98000019', '2025.2', 'Material didático excelente, aulas dinâmicas.', 9, 10, 9, 10),
  ('Marcelo', 'Silveira', '(21)99000021', 'Bioquímica', 'Marcelo', 'Silveira', '(11)98000022', '2025.1', 'Professor(a) domina o conteúdo, porém faltou tempo para aprofundar.', 8, 9, 8, 7),
  ('Camila', 'Nascimento', '(21)99000022', 'Algoritmos I', 'João', 'Silva', '(11)98000001', '2025.1', 'Aulas muito boas, professor(a) atencioso(a).', 10, 9, 10, 9),
  ('Amanda', 'Oliveira', '(21)99000023', 'Engenharia de Requisitos', 'Amanda', 'Oliveira', '(11)98000023', '2025.2', 'Ótima didática, conteúdo muito relevante.', 9, 9, 10, 9),
  ('Rafael', 'Rodrigues', '(21)99000024', 'Testes de Software', 'Rafael', 'Rodrigues', '(11)98000024', '2025.1', 'Conteúdo prático e atualizado.', 8, 8, 9, 8),
  ('Isabela', 'Costa', '(21)99000025', 'Gerência de Configuração', 'Isabela', 'Costa', '(11)98000025', '2025.2', 'Professor(a) muito experiente e atencioso(a).', 10, 10, 10, 10),
  ('Leonardo', 'Pereira', '(21)99000026', 'Direito Penal', 'Leonardo', 'Pereira', '(11)98000026', '2025.1', 'Aulas expositivas e discussões enriquecedoras.', 9, 8, 9, 8),
  ('Carolina', 'Alves', '(21)99000027', 'Direito Civil', 'Carolina', 'Alves', '(11)98000027', '2025.2', 'Conteúdo denso, mas professor(a) soube transmitir bem.', 8, 9, 8, 9),
  ('Fernando', 'Carvalho', '(21)99000028', 'Psicopatologia', 'Fernando', 'Carvalho', '(11)98000028', '2025.1', 'Aulas interessantes e abordagens inovadoras.', 7, 8, 7, 8),
  ('Patrícia', 'Ribeiro', '(21)99000029', 'Resistência dos Materiais', 'Patrícia', 'Ribeiro', '(11)98000029', '2025.2', 'Boa didática e material de apoio completo.', 9, 9, 9, 9),
  ('Gustavo', 'Oliveira', '(21)99000030', 'Topografia', 'Gustavo', 'Oliveira', '(11)98000030', '2025.1', 'Professor(a) domina o conteúdo e é muito atencioso(a).', 8, 8, 9, 8),
  ('Bianca', 'Martins', '(21)99000031', 'Contabilidade Gerencial', 'Bianca', 'Martins', '(11)98000031', '2025.2', 'Aulas dinâmicas e exemplos práticos.', 7, 7, 8, 6),
  ('Ricardo', 'Almeida', '(21)99000032', 'Didática', 'Ricardo', 'Almeida', '(11)98000032', '2025.1', 'Excelente didática, recomendo a todos!', 9, 9, 9, 9),
  ('Larissa', 'Souza', '(21)99000033', 'Álgebra Linear', 'Larissa', 'Souza', '(11)98000033', '2025.2', 'Conteúdo complexo, mas professor(a) soube explicar bem.', 7, 6, 7, 6),
  ('Vinícius', 'Fernandes', '(21)99000034', 'Química Orgânica', 'Vinícius', 'Fernandes', '(11)98000034', '2025.1', 'Aulas bem estruturadas e material completo.', 8, 8, 8, 8),
  ('Natália', 'Guedes', '(21)99000035', 'Histologia', 'Natália', 'Guedes', '(11)98000035', '2025.2', 'Gostaria de mais exemplos práticos nas aulas.', 7, 8, 7, 7),
  ('Thiago', 'Leite', '(21)99000036', 'Eletromagnetismo', 'Thiago', 'Leite', '(11)98000036', '2025.1', 'Professor(a) explica muito bem, recomendo!', 9, 9, 9, 9),
  ('Camila', 'Sales', '(21)99000037', 'Estradas', 'Camila', 'Sales', '(11)98000037', '2025.2', 'Achei o conteúdo um pouco confuso.', 7, 6, 7, 6),
  ('Daniel', 'Vieira', '(21)99000038', 'Análise Matemática', 'Daniel', 'Vieira', '(11)98000038', '2025.1', 'As aulas foram bem interativas, gostei bastante.', 8, 8, 8, 8),
  ('Juliana', 'Andrade', '(21)99000039', 'Instalações Elétricas', 'Juliana', 'Andrade', '(11)98000039', '2025.2', 'Gostaria de mais exercícios práticos.', 7, 8, 7, 7),
  ('Marcelo', 'Baptista', '(21)99000040', 'Termodinâmica', 'Marcelo', 'Baptista', '(11)98000040', '2025.1', 'Professor(a) explica muito bem, aulas dinâmicas.', 9, 9, 9, 9),
  ('Aline', 'Cunha', '(21)99000041', 'Linguagens Formais', 'Aline', 'Cunha', '(11)98000041', '2025.2', 'Achei o conteúdo um pouco difícil de entender.', 7, 6, 7, 6),
  ('Eduardo', 'Duarte', '(21)99000042', 'Tópicos em Banco de Dados', 'Eduardo', 'Duarte', '(11)98000042', '2025.1', 'Aulas bem interativas e exemplos práticos.', 8, 8, 8, 8),
  ('Renata', 'Evangelista', '(21)99000043', 'Fisiologia Humana', 'Renata', 'Evangelista', '(11)98000043', '2025.2', 'Gostaria de mais exemplos práticos nas aulas.', 7, 8, 7, 7),
  ('Fábio', 'Fonseca', '(21)99000044', 'Microbiologia', 'Fábio', 'Fonseca', '(11)98000044', '2025.1', 'Professor(a) explica muito bem, recomendo!', 9, 9, 9, 9),
  ('Silvia', 'Garcia', '(21)99000045', 'Projeto de Interface', 'Silvia', 'Garcia', '(11)98000045', '2025.2', 'Achei o conteúdo um pouco confuso e rápido.', 7, 6, 7, 6),
  ('Roberto', 'Henriques', '(21)99000046', 'Inteligência Artificial Avançada', 'Roberto', 'Henriques', '(11)98000046', '2025.1', 'Aulas bem interativas, gostei bastante!', 8, 8, 8, 8),
  ('Maria', 'Irineu', '(21)99000047', 'Inglês Instrumental', 'Maria', 'Irineu', '(11)98000047', '2025.2', 'Gostaria de mais exercícios práticos nas aulas.', 7, 8, 7, 7),
  ('Sérgio', 'Jesus', '(21)99000048', 'Ética e Responsabilidade Social', 'Sérgio', 'Jesus', '(11)98000048', '2025.1', 'Professor(a) explica muito bem, super recomendo!', 9, 9, 9, 9),
  ('Cláudia', 'Lemos', '(21)99000049', 'Técnicas de Negociação', 'Cláudia', 'Lemos', '(11)98000049', '2025.2', 'Achei o conteúdo um pouco confuso e muito rápido.', 7, 6, 7, 6),
  ('Antônio', 'Moraes', '(21)99000050', 'Música e Cultura Brasileira', 'Antônio', 'Moraes', '(11)98000050', '2025.1', 'As aulas foram incríveis, gostei bastante!', 10, 10, 10, 10),
  ('Luciana', 'Nunes', '(21)99000051', 'Filosofia da Educação', 'Luciana', 'Nunes', '(11)98000051', '2025.2', 'Gostaria de mais exemplos práticos e atuais.', 8, 9, 7, 8),
  ('Paulo', 'Ortiz', '(21)99000052', 'Metodologia Científica', 'Paulo', 'Ortiz', '(11)98000052', '2025.1', 'Professor(a) explica muito bem, super indico!', 10, 10, 10, 10),
  ('Sandra', 'Queiroz', '(21)99000053', 'Sociologia do Trabalho', 'Sandra', 'Queiroz', '(11)98000053', '2025.2', 'Conteúdo muito denso, precisa de mais tempo.', 8, 7, 7, 6),
  ('Vitor', 'Rangel', '(21)99000054', 'Psicologia Organizacional', 'Vitor', 'Rangel', '(11)98000054', '2025.1', 'Gostei bastante da dinâmica das aulas, muito produtivo.', 9, 8, 9, 9),
  ('Daniela', 'Soares', '(21)99000055', 'Marketing Digital', 'Daniela', 'Soares', '(11)98000055', '2025.2', 'Achei o conteúdo muito extenso, poderia ser mais conciso.', 8, 6, 7, 6),
  ('Eduardo', 'Trindade', '(21)99000056', 'Mídias Sociais', 'Eduardo', 'Trindade', '(11)98000056', '2025.1', 'Gostei bastante das aulas e das explicações do professor.', 9, 8, 9, 9),
  ('Renata', 'Uchoa', '(21)99000057', 'História da Arte', 'Renata', 'Uchoa', '(11)98000057', '2025.2', 'Achei o conteúdo um pouco superficial, faltou aprofundamento.', 7, 7, 6, 6),
  ('Gustavo', 'Valente', '(21)99000058', 'Teoria da Arquitetura', 'Gustavo', 'Valente', '(11)98000058', '2025.1', 'As aulas foram incríveis, professor explica muito bem!', 10, 10, 10, 10),
  ('Camila', 'Xavier', '(21)99000059', 'Legislação Brasileira', 'Camila', 'Xavier', '(11)98000059', '2025.2', 'Gostaria de mais aulas práticas e discussões de casos.', 8, 9, 7, 8),
  ('Lucas', 'Zanetti', '(21)99000060', 'Processo Civil', 'Lucas', 'Zanetti', '(11)98000060', '2025.1', 'As aulas foram ótimas, recomendo a todos!', 10, 10, 10, 10);