-- Inserir dados na tabela Unidade
INSERT INTO Unidade (NomeUnidade, Localidade) VALUES
  ('Campus Central', 'São Paulo'),
  ('Campus Barra', 'Rio de Janeiro'),
  ('Campus Pampulha', 'Belo Horizonte'),
  ('Campus Sul', 'Porto Alegre'),
  ('Campus Ondina', 'Salvador'),
  ('Campus Norte', 'Recife'),
  ('Campus Leste', 'Curitiba'),
  ('Campus Oeste', 'Fortaleza'),
  ('Campus Sul 2', 'Porto Alegre'),
  ('Campus Sudeste', 'São Paulo'),
  ('Campus Centro', 'Rio de Janeiro'),
  ('Campus Praia', 'Natal'),
  ('Campus Universitário', 'Goiânia'),
  ('Campus Maringá', 'Maringá'),
  ('Campus Zona Norte', 'Manaus'),
  ('Campus Metropolitana', 'São Bernardo do Campo'),
  ('Campus Norte 2', 'Belém'),
  ('Campus Sorocaba', 'Sorocaba'),
  ('Campus São Carlos', 'São Carlos'),
  ('Campus Caxias', 'Duque de Caxias'),
  ('Campus Campinas', 'Campinas'),
  ('Campus Santos', 'Santos'),
  ('Campus Ribeirão Preto', 'Ribeirão Preto');

-- Inserir dados na tabela Usuário
INSERT INTO Usuário (Nome, Sobrenome, Telefone, DataNascimento, Endereço, Sexo, Email, Senha, NomeUnidade, Localidade) VALUES
  ('João', 'Silva', '(11)98000001', '1990-05-01', 'Rua A, 123', 'M', 'joao.silva@email.com', 'senha123', 'Campus Central', 'São Paulo'),
  ('Ana', 'Santos', '(11)98000002', '1991-06-10', 'Rua B, 456', 'F', 'ana.santos@email.com', 'senha456', 'Campus Barra', 'Rio de Janeiro'),
  ('Carlos', 'Souza', '(11)98000003', '1989-07-15', 'Rua C, 789', 'M', 'carlos.souza@email.com', 'senha789', 'Campus Pampulha', 'Belo Horizonte'),
  ('Beatriz', 'Gomes', '(11)98000004', '1992-08-25', 'Rua D, 101', 'F', 'beatriz.gomes@email.com', 'senha101', 'Campus Sul', 'Porto Alegre'),
  ('Felipe', 'Silva', '(11)98000005', '1990-09-20', 'Rua E, 102', 'M', 'felipe.silva@email.com', 'senha102', 'Campus Ondina', 'Salvador'),
  ('Ricardo', 'Mendes', '(11)98000006', '1988-10-30', 'Rua F, 103', 'M', 'ricardo.mendes@email.com', 'senha103', 'Campus Norte', 'Recife'),
  ('Juliana', 'Rocha', '(11)98000007', '1993-11-11', 'Rua G, 104', 'F', 'juliana.rocha@email.com', 'senha104', 'Campus Leste', 'Curitiba'),
  ('Thiago', 'Ferreira', '(11)98000008', '1994-12-05', 'Rua H, 105', 'M', 'thiago.ferreira@email.com', 'senha105', 'Campus Oeste', 'Fortaleza'),
  ('Eduardo', 'Dias', '(11)98000009', '1992-01-25', 'Rua I, 106', 'M', 'eduardo.dias@email.com', 'senha106', 'Campus Sul 2', 'Porto Alegre'),
  ('Paula', 'Ferreira', '(11)98000010', '1995-02-12', 'Rua J, 107', 'F', 'paula.ferreira@email.com', 'senha107', 'Campus Sudeste', 'São Paulo'),
  ('Mariana', 'Lima', '(11)98000011', '1991-03-18', 'Rua K, 108', 'F', 'mariana.lima@email.com', 'senha108', 'Campus Centro', 'Rio de Janeiro'),
  ('Felipe', 'Martins', '(11)98000012', '1990-04-02', 'Rua L, 109', 'M', 'felipe.martins@email.com', 'senha109', 'Campus Praia', 'Natal'),
  ('Gustavo', 'Martins', '(11)98000013', '1992-05-16', 'Rua M, 110', 'M', 'gustavo.martins@email.com', 'senha110', 'Campus Universitário', 'Goiânia'),
  ('Thiago', 'Costa', '(11)98000014', '1991-06-22', 'Rua N, 111', 'M', 'thiago.costa@email.com', 'senha111', 'Campus Maringá', 'Maringá'),
  ('Lucas', 'Costa', '(11)98000015', '1994-07-30', 'Rua O, 112', 'M', 'lucas.costa@email.com', 'senha112', 'Campus Zona Norte', 'Manaus'),
  ('Eduardo', 'Lima', '(11)98000016', '1990-08-17', 'Rua P, 113', 'M', 'eduardo.lima@email.com', 'senha113', 'Campus Metropolitana', 'São Bernardo do Campo'),
  ('Paula', 'Almeida', '(11)98000017', '1992-09-12', 'Rua Q, 114', 'F', 'paula.almeida@email.com', 'senha114', 'Campus Norte 2', 'Belém'),
  ('Felipe', 'Pereira', '(11)98000018', '1995-10-24', 'Rua R, 115', 'M', 'felipe.pereira@email.com', 'senha115', 'Campus Sorocaba', 'Sorocaba'),
  ('Ricardo', 'Silva', '(11)98000019', '1993-11-28', 'Rua S, 116', 'M', 'ricardo.silva@email.com', 'senha116', 'Campus Caxias', 'Duque de Caxias'),
  ('Neymar', 'Júnior', '(11)98000020', '1994-12-29', 'Rua T, 117', 'M', 'ney.jr@email.com', 'senha117', 'Campus São Carlos', 'São Carlos'),
  ('Bruna', 'Marquezine', '(11)98000021', '1995-08-04', 'Rua U, 118', 'F', 'bruna.m@email.com', 'senha118', 'Campus Campinas', 'Campinas'),
  ('José', 'Alencar', '(11)98000022', '1991-02-15', 'Rua V, 119', 'M', 'jose.a@email.com', 'senha119', 'Campus Santos', 'Santos');

-- Inserir dados na tabela Professor
INSERT INTO Professor (Nome, Sobrenome, Telefone, ÁreaEspecialização, Titulação) VALUES
  ('João', 'Silva', '(11)98000001', 'Engenharia de Software', 'MSc'),
  ('Ana', 'Santos', '(11)98000002', 'Matemática', 'PhD'),
  ('Carlos', 'Souza', '(11)98000003', 'Redes de Computadores', 'DSc'),
  ('Beatriz', 'Gomes', '(11)98000004', 'Inteligência Artificial', 'MSc'),
  ('Felipe', 'Silva', '(11)98000005', 'Algoritmos', 'PhD'),
  ('Ricardo', 'Mendes', '(11)98000006', 'Sistemas Operacionais', 'MSc'),
  ('Juliana', 'Rocha', '(11)98000007', 'Engenharia de Software', 'DSc'),
  ('Thiago', 'Ferreira', '(11)98000008', 'Redes de Computadores', 'PhD'),
  ('Eduardo', 'Dias', '(11)98000009', 'Matemática', 'MSc'),
  ('Roberta', 'Gomes', '(11)98000010', 'Computação Gráfica', 'PhD'),
  ('Mariana', 'Lima', '(11)98000011', 'Algoritmos', 'MSc'),
  ('Felipe', 'Martins', '(11)98000012', 'Banco de Dados', 'PhD'),
  ('Paula', 'Ferreira', '(11)98000013', 'Engenharia de Software', 'DSc'),
  ('Thiago', 'Costa', '(11)98000014', 'Cálculo', 'MSc'),
  ('Lucas', 'Costa', '(11)98000015', 'Sistemas de Informação', 'PhD'),
  ('Gustavo', 'Martins', '(11)98000016', 'Cálculo Avançado', 'DSc'),
  ('Carlos', 'Almeida', '(11)98000017', 'Matemática Aplicada', 'MSc'),
  ('Felipe', 'Pereira', '(11)98000018', 'Lógica Computacional', 'PhD'),
  ('Ricardo', 'Santos', '(11)98000019', 'Engenharia Elétrica', 'MSc'),
  ('Juliana', 'Fagundes', '(11)98000020', 'Física', 'PhD'),
  ('Fernanda', 'Oliveira', '(11)98000021', 'Química Orgânica', 'MSc'),
  ('Marcelo', 'Silveira', '(11)98000022', 'Economia', 'PhD');

-- Inserir dados na tabela Departamento
INSERT INTO Departamento (CódigoDepartamento, NomeDepartamento, NomeProfessorChefe, SobrenomeProfessorChefe, TelefoneProfessorChefe) VALUES
  (001, 'Departamento de Computação', 'João', 'Silva', '(11)98000001'),
  (002, 'Departamento de Medicina', 'Ana', 'Santos', '(11)98000002'),
  (003, 'Departamento de Direito', 'Carlos', 'Souza', '(11)98000003'),
  (004, 'Departamento de Psicologia', 'Ricardo', 'Mendes', '(11)98000006'),
  (005, 'Departamento de Engenharia', 'Beatriz', 'Gomes', '(11)98000004'),
  (006, 'Departamento de Arquitetura', 'Felipe', 'Silva', '(11)98000005'),
  (007, 'Departamento de Administração', 'Juliana', 'Rocha', '(11)98000007'),
  (008, 'Departamento de Pedagogia', 'Thiago', 'Ferreira', '(11)98000008'),
  (009, 'Departamento de Ciências Biológicas', 'Eduardo', 'Dias', '(11)98000009'),
  (010, 'Departamento de Química', 'Roberta', 'Gomes', '(11)98000010'),
  (011, 'Departamento de Física', 'Carlos', 'Almeida', '(11)98000017'),
  (012, 'Departamento de Ciências Exatas', 'Mariana', 'Lima', '(11)98000011'),
  (013, 'Departamento de Ciências Humanas', 'Paula', 'Ferreira', '(11)98000013'),
  (014, 'Departamento de Saúde', 'Ricardo', 'Santos', '(11)98000019'),
  (015, 'Departamento de Design', 'Lucas', 'Costa', '(11)98000015'),
  (016, 'Departamento de Economia', 'Gustavo', 'Martins', '(11)98000016'),
  (017, 'Departamento de Letras', 'Juliana', 'Rocha', '(11)98000007'),
  (018, 'Departamento de Música', 'Felipe', 'Silva', '(11)98000005'),
  (019, 'Departamento de Ciências Sociais', 'Marcelo', 'Silveira', '(11)98000022'),
  (020, 'Departamento de Enfermagem', 'Ricardo', 'Santos', '(11)98000019'),
  (021, 'Departamento de Farmácia', 'Fernanda', 'Oliveira', '(11)98000021');

-- Inserir dados na tabela Curso
INSERT INTO Curso (CódigoCurso, NomeCurso, NomeDepartamento, NívelEnsino, CargaHoráriaTotal, NúmeroVagas, Ementa, PréRequisitos, SalaPadrão, RegraCurso) VALUES
  (101, 'Engenharia de Software', 'Departamento de Computação', 'Graduação', 3200, 40, 'Ementa do curso de Engenharia de Software', 'Matemática Básica', 'Sala A1', 'Regra 1'),
  (102, 'Medicina', 'Departamento de Medicina', 'Graduação', 5000, 60, 'Ementa do curso de Medicina', 'Biologia', 'Sala B1', 'Regra 2'),
  (103, 'Direito', 'Departamento de Direito', 'Graduação', 4000, 50, 'Ementa do curso de Direito', 'História', 'Sala C1', 'Regra 3'),
  (104, 'Psicologia', 'Departamento de Psicologia', 'Graduação', 3000, 45, 'Ementa do curso de Psicologia', 'Sociologia', 'Sala D1', 'Regra 4'),
  (105, 'Engenharia Civil', 'Departamento de Engenharia', 'Graduação', 3600, 50, 'Ementa do curso de Engenharia Civil', 'Física', 'Sala E1', 'Regra 5'),
  (106, 'Arquitetura', 'Departamento de Arquitetura', 'Graduação', 3400, 35, 'Ementa do curso de Arquitetura', 'Geometria', 'Sala F1', 'Regra 6'),
  (107, 'Administração', 'Departamento de Administração', 'Graduação', 2800, 60, 'Ementa do curso de Administração', 'Matemática', 'Sala G1', 'Regra 7'),
  (108, 'Pedagogia', 'Departamento de Pedagogia', 'Graduação', 3000, 55, 'Ementa do curso de Pedagogia', 'Psicologia', 'Sala H1', 'Regra 8'),
  (109, 'Engenharia Elétrica', 'Departamento de Engenharia', 'Graduação', 3800, 45, 'Ementa do curso de Engenharia Elétrica', 'Matemática Avançada', 'Sala I1', 'Regra 9'),
  (110, 'Biologia', 'Departamento de Ciências Biológicas', 'Graduação', 3500, 40, 'Ementa do curso de Biologia', 'Química', 'Sala J1', 'Regra 10'),
  (111, 'Física', 'Departamento de Física', 'Graduação', 3200, 45, 'Ementa do curso de Física', 'Matemática Básica', 'Sala K1', 'Regra 11'),
  (112, 'Química', 'Departamento de Química', 'Graduação', 3300, 40, 'Ementa do curso de Química', 'Física', 'Sala L1', 'Regra 12'),
  (113, 'Ciência da Computação', 'Departamento de Computação', 'Graduação', 3600, 50, 'Ementa do curso de Ciência da Computação', 'Matemática', 'Sala M1', 'Regra 13'),
  (114, 'Sistemas de Informação', 'Departamento de Computação', 'Graduação', 3200, 60, 'Ementa do curso de Sistemas de Informação', 'Lógica de Programação', 'Sala N1', 'Regra 14'),
  (115, 'Administração Pública', 'Departamento de Administração', 'Graduação', 3000, 50, 'Ementa do curso de Administração Pública', 'Direito Constitucional', 'Sala O1', 'Regra 15'),
  (116, 'Design de Produtos', 'Departamento de Design', 'Graduação', 3100, 40, 'Ementa do curso de Design de Produtos', 'Design Gráfico', 'Sala P1', 'Regra 16'),
  (117, 'Marketing', 'Departamento de Administração', 'Graduação', 2800, 55, 'Ementa do curso de Marketing', 'Comunicação', 'Sala Q1', 'Regra 17'),
  (118, 'Economia', 'Departamento de Economia', 'Graduação', 3500, 60, 'Ementa do curso de Economia', 'Matemática Financeira', 'Sala R1', 'Regra 18'),
  (119, 'Enfermagem', 'Departamento de Saúde', 'Graduação', 3800, 50, 'Ementa do curso de Enfermagem', 'Anatomia', 'Sala S1', 'Regra 19'),
  (120, 'Veterinária', 'Departamento de Saúde', 'Graduação', 4000, 45, 'Ementa do curso de Veterinária', 'Biologia', 'Sala T1', 'Regra 20'),
  (121, 'Farmácia', 'Departamento de Farmácia', 'Graduação', 4200, 50, 'Ementa do curso de Farmácia', 'Química', 'Sala U1', 'Regra 21'),
  (122, 'Nutrição', 'Departamento de Saúde', 'Graduação', 3900, 48, 'Ementa do curso de Nutrição', 'Bioquímica', 'Sala V1', 'Regra 22');

-- Inserir dados na tabela Disciplina
INSERT INTO Disciplina (NomeDisciplina, CódigoCurso, AulasSemanais, MaterialDidático) VALUES
  ('Algoritmos I', 101, 4, 'Livro de Algoritmos - Cormen'),
  ('Redes de Computadores', 101, 3, 'Redes de Computadores - Kurose'),
  ('Engenharia de Software', 101, 5, 'Engenharia de Software - Sommerville'),
  ('História do Direito', 103, 4, 'História do Direito - Piero Calamandrei'),
  ('Direito Constitucional', 103, 5, 'Constituição Brasileira - Silvio de Salvo Venosa'),
  ('Psicologia Geral', 104, 4, 'Psicologia - David G. Myers'),
  ('Engenharia Civil I', 105, 4, 'Engenharia Civil - Barry J. Goodno'),
  ('Geometria Descritiva', 106, 3, 'Geometria Descritiva - Z. L. Cao'),
  ('Gestão de Projetos', 107, 3, 'Gestão de Projetos - Harold Kerzner'),
  ('Psicologia do Desenvolvimento', 104, 3, 'Psicologia do Desenvolvimento - John W. Santrock'),
  ('Cálculo I', 101, 5, 'Cálculo - James Stewart'),
  ('Química Geral', 112, 5, 'Química Geral - Zumdahl'),
  ('Biologia Celular', 110, 4, 'Biologia Celular - Alberts'),
  ('Física Geral', 111, 4, 'Física - Halliday'),
  ('Desenho Técnico', 105, 4, 'Desenho Técnico - J. P. R. Almeida'),
  ('Cálculo II', 101, 5, 'Cálculo II - Howard Anton'),
  ('Circuitos Elétricos', 109, 5, 'Circuitos Elétricos - Nilsson & Riedel'),
  ('Mecânica dos Fluidos', 109, 4, 'Mecânica dos Fluidos - Frank M. White'),
  ('Teoria da Computação', 113, 4, 'Teoria da Computação - Michael Sipser'),
  ('Sistemas Operacionais Avançados', 114, 3, 'Sistemas Operacionais Avançados - Tanenbaum'),
  ('Anatomia Humana', 102, 6, 'Anatomia Humana - Gray'),
  ('Bioquímica', 110, 4, 'Bioquímica - Lehninger');

-- Inserir dados na tabela OfertaDisciplina
INSERT INTO OfertaDisciplina (NomeDisciplina, NomeProfessor, SobrenomeProfessor, TelefoneProfessor, PeríodoLetivo, Sala, Capacidade) VALUES
  ('Algoritmos I', 'João', 'Silva', '(11)98000001', '2025.1', 'Sala A1', 40),
  ('Redes de Computadores', 'Carlos', 'Souza', '(11)98000003', '2025.1', 'Sala B1', 35),
  ('Engenharia de Software', 'Paula', 'Ferreira', '(11)98000013', '2025.2', 'Sala C1', 50),
  ('Direito Constitucional', 'Ana', 'Santos', '(11)98000002', '2025.1', 'Sala D1', 45),
  ('Psicologia Geral', 'Beatriz', 'Gomes', '(11)98000004', '2025.1', 'Sala E1', 40),
  ('Engenharia Civil I', 'Ricardo', 'Mendes', '(11)98000006', '2025.2', 'Sala F1', 45),
  ('Geometria Descritiva', 'Lucas', 'Costa', '(11)98000015', '2025.1', 'Sala G1', 35),
  ('Gestão de Projetos', 'Juliana', 'Rocha', '(11)98000007', '2025.1', 'Sala H1', 60),
  ('Psicologia do Desenvolvimento', 'Thiago', 'Ferreira', '(11)98000008', '2025.2', 'Sala I1', 40),
  ('Cálculo I', 'Eduardo', 'Dias', '(11)98000009', '2025.1', 'Sala J1', 50),
  ('Química Geral', 'Roberta', 'Gomes', '(11)98000010', '2025.2', 'Sala K1', 45),
  ('Biologia Celular', 'Carlos', 'Almeida', '(11)98000017', '2025.2', 'Sala L1', 40),
  ('Física Geral', 'Felipe', 'Silva', '(11)98000005', '2025.1', 'Sala M1', 40),
  ('Desenho Técnico', 'Gustavo', 'Martins', '(11)98000016', '2025.2', 'Sala N1', 35),
  ('Cálculo II', 'Mariana', 'Lima', '(11)98000011', '2025.1', 'Sala O1', 50),
  ('Circuitos Elétricos', 'Felipe', 'Martins', '(11)98000012', '2025.2', 'Sala P1', 45),
  ('Mecânica dos Fluidos', 'Felipe', 'Pereira', '(11)98000018', '2025.1', 'Sala Q1', 40),
  ('Teoria da Computação', 'Fernanda', 'Oliveira', '(11)98000021', '2025.2', 'Sala R1', 30),
  ('Sistemas Operacionais Avançados', 'Thiago', 'Costa', '(11)98000014', '2025.1', 'Sala S1', 50),
  ('Anatomia Humana', 'Ricardo', 'Santos', '(11)98000019', '2025.2', 'Sala T1', 55),
  ('Bioquímica', 'Marcelo', 'Silveira', '(11)98000022', '2025.1', 'Sala U1', 48);

-- Inserir dados na tabela InfraestruturaCurso
INSERT INTO InfraestruturaCurso (CódigoCurso, Demandas) VALUES
  (101, 'Laboratório de Computação, Sala de TI'),
  (102, 'Equipamentos médicos, sala de cirurgia'),
  (103, 'Biblioteca de Direito, sala de estudos'),
  (104, 'Sala de psicologia, laboratório de análise comportamental'),
  (105, 'Laboratório de Engenharia, simulador de estrutura'),
  (106, 'Laboratório de Arquitetura, maquetes e impressoras 3D'),
  (107, 'Sala de reuniões, escritório de administração'),
  (108, 'Sala de pedagogo, biblioteca de ensino'),
  (109, 'Laboratório de Engenharia Elétrica, bancadas de testes'),
  (110, 'Laboratório de Biologia, microscópios'),
  (111, 'Laboratório de Física, equipamentos para experimentos'),
  (112, 'Laboratório de Química, banco de substâncias químicas'),
  (113, 'Laboratório de Computação, servidores dedicados'),
  (114, 'Laboratório de Sistemas, estação de trabalho'),
  (115, 'Sala de Administração Pública, auditório'),
  (116, 'Laboratório de Design, equipamentos de CAD'),
  (117, 'Laboratório de Marketing, software de análise de dados'),
  (118, 'Laboratório de Economia, software econômico'),
  (119, 'Laboratório de Enfermagem, maca e equipamentos médicos'),
  (120, 'Laboratório de Veterinária, ambiente controlado para estudos'),
  (121, 'Laboratório de Farmácia, equipamentos de manipulação'),
  (122, 'Cozinha experimental, equipamentos de análise nutricional');

-- Inserir dados na tabela ProfessorDisciplina
INSERT INTO ProfessorDisciplina (NomeProfessor, SobrenomeProfessor, TelefoneProfessor, NomeDisciplina) VALUES
  ('João', 'Silva', '(11)98000001', 'Algoritmos I'),
  ('Carlos', 'Souza', '(11)98000003', 'Redes de Computadores'),
  ('Paula', 'Ferreira', '(11)98000013', 'Engenharia de Software'),
  ('Ana', 'Santos', '(11)98000002', 'Direito Constitucional'),
  ('Beatriz', 'Gomes', '(11)98000004', 'Psicologia Geral'),
  ('Ricardo', 'Mendes', '(11)98000006', 'Engenharia Civil I'),
  ('Lucas', 'Costa', '(11)98000015', 'Geometria Descritiva'),
  ('Juliana', 'Rocha', '(11)98000007', 'Gestão de Projetos'),
  ('Thiago', 'Ferreira', '(11)98000008', 'Psicologia do Desenvolvimento'),
  ('Eduardo', 'Dias', '(11)98000009', 'Cálculo I'),
  ('Roberta', 'Gomes', '(11)98000010', 'Química Geral'),
  ('Carlos', 'Almeida', '(11)98000017', 'Biologia Celular'),
  ('Felipe', 'Silva', '(11)98000005', 'Física Geral'),
  ('Gustavo', 'Martins', '(11)98000016', 'Desenho Técnico'),
  ('Mariana', 'Lima', '(11)98000011', 'Cálculo II'),
  ('Felipe', 'Martins', '(11)98000012', 'Circuitos Elétricos'),
  ('Felipe', 'Pereira', '(11)98000018', 'Mecânica dos Fluidos'),
  ('Fernanda', 'Oliveira', '(11)98000021', 'Teoria da Computação'),
  ('Thiago', 'Costa', '(11)98000014', 'Sistemas Operacionais Avançados'),
  ('Ricardo', 'Santos', '(11)98000019', 'Anatomia Humana'),
  ('Marcelo', 'Silveira', '(11)98000022', 'Bioquímica');

-- Inserir dados na tabela Aluno
INSERT INTO Aluno (Nome, Sobrenome, Telefone) VALUES
  ('João', 'Silva', '(21)99000001'),
  ('Ana', 'Santos', '(21)99000002'),
  ('Carlos', 'Souza', '(21)99000003'),
  ('Beatriz', 'Gomes', '(21)99000004'),
  ('Felipe', 'Silva', '(21)99000005'),
  ('Ricardo', 'Mendes', '(21)99000006'),
  ('Juliana', 'Rocha', '(21)99000007'),
  ('Thiago', 'Ferreira', '(21)99000008'),
  ('Eduardo', 'Dias', '(21)99000009'),
  ('Paula', 'Ferreira', '(21)99000010'),
  ('Mariana', 'Lima', '(21)99000011'),
  ('Felipe', 'Martins', '(21)99000012'),
  ('Gustavo', 'Martins', '(21)99000013'),
  ('Thiago', 'Costa', '(21)99000014'),
  ('Lucas', 'Costa', '(21)99000015'),
  ('Eduardo', 'Lima', '(21)99000016'),
  ('Paula', 'Almeida', '(21)99000017'),
  ('Felipe', 'Pereira', '(21)99000018'),
  ('Ricardo', 'Silva', '(21)99000019'),
  ('Fernanda', 'Oliveira', '(21)99000020'),
  ('Marcelo', 'Silveira', '(21)99000021'),
  ('Camila', 'Nascimento', '(21)99000022');

-- Inserir dados na tabela Matrícula
INSERT INTO Matrícula (NomeAluno, SobrenomeAluno, TelefoneAluno, NomeDisciplina, NomeProfessor, SobrenomeProfessor, TelefoneProfessor, PeríodoLetivo, DataMatrícula, Estado, Notas, BolsaOuDesconto, Confirmação, DataLimiteConfirmação, Taxas) VALUES
  ('João', 'Silva', '(21)99000001', 'Algoritmos I', 'João', 'Silva', '(11)98000001', '2025.1', '2025-01-10', 'Matriculado', '8.5', 'Nenhuma', TRUE, '2025-01-17', 0.00),
  ('Ana', 'Santos', '(21)99000002', 'Redes de Computadores', 'Carlos', 'Souza', '(11)98000003', '2025.1', '2025-01-10', 'Matriculado', '7.5', 'Bolsa Integral', TRUE, '2025-01-17', 0.00),
  ('Carlos', 'Souza', '(21)99000003', 'Engenharia de Software', 'Paula', 'Ferreira', '(11)98000013', '2025.2', '2025-01-15', 'Pendente', NULL, 'Nenhuma', FALSE, '2025-01-22', 200.00),
  ('Beatriz', 'Gomes', '(21)99000004', 'Direito Constitucional', 'Ana', 'Santos', '(11)98000002', '2025.2', '2025-01-20', 'Matriculado', '9.0', 'Desconto 50%', TRUE, '2025-01-25', 100.00),
  ('Felipe', 'Silva', '(21)99000005', 'Psicologia Geral', 'Beatriz', 'Gomes', '(11)98000004', '2025.1', '2025-01-15', 'Matriculado', '7.0', 'Nenhuma', TRUE, '2025-01-20', 0.00),
  ('Ricardo', 'Mendes', '(21)99000006', 'Engenharia Civil I', 'Ricardo', 'Mendes', '(11)98000006', '2025.1', '2025-01-10', 'Cancelado', NULL, 'Nenhuma', FALSE, '2025-01-17', 100.00),
  ('Juliana', 'Rocha', '(21)99000007', 'Geometria Descritiva', 'Lucas', 'Costa', '(11)98000015', '2025.2', '2025-01-25', 'Matriculado', '6.0', 'Bolsa Parcial', TRUE, '2025-02-01', 50.00),
  ('Thiago', 'Ferreira', '(21)99000008', 'Gestão de Projetos', 'Juliana', 'Rocha', '(11)98000007', '2025.1', '2025-01-10', 'Pendente', NULL, 'Nenhuma', FALSE, '2025-01-17', 150.00),
  ('Eduardo', 'Dias', '(21)99000009', 'Psicologia do Desenvolvimento', 'Thiago', 'Ferreira', '(11)98000008', '2025.2', '2025-01-15', 'Matriculado', '9.2', 'Bolsa Integral', TRUE, '2025-01-22', 0.00),
  ('Paula', 'Ferreira', '(21)99000010', 'Cálculo I', 'Eduardo', 'Dias', '(11)98000009', '2025.1', '2025-01-10', 'Matriculado', '8.0', 'Nenhuma', TRUE, '2025-01-17', 0.00),
  ('Mariana', 'Lima', '(21)99000011', 'Química Geral', 'Roberta', 'Gomes', '(11)98000010', '2025.2', '2025-01-20', 'Matriculado', '7.8', 'Desconto 25%', TRUE, '2025-01-27', 75.00),
  ('Felipe', 'Martins', '(21)99000012', 'Biologia Celular', 'Carlos', 'Almeida', '(11)98000017', '2025.1', '2025-01-25', 'Matriculado', '8.6', 'Bolsa Parcial', TRUE, '2025-02-01', 50.00),
  ('Gustavo', 'Martins', '(21)99000013', 'Física Geral', 'Felipe', 'Silva', '(11)98000005', '2025.2', '2025-01-30', 'Pendente', NULL, 'Nenhuma', FALSE, '2025-02-06', 120.00),
  ('Thiago', 'Costa', '(21)99000014', 'Desenho Técnico', 'Gustavo', 'Martins', '(11)98000016', '2025.1', '2025-01-10', 'Matriculado', '9.5', 'Bolsa Integral', TRUE, '2025-01-17', 0.00),
  ('Lucas', 'Costa', '(21)99000015', 'Cálculo II', 'Mariana', 'Lima', '(11)98000011', '2025.2', '2025-01-15', 'Matriculado', '7.2', 'Nenhuma', TRUE, '2025-01-22', 0.00),
  ('Eduardo', 'Lima', '(21)99000016', 'Circuitos Elétricos', 'Felipe', 'Martins', '(11)98000012', '2025.1', '2025-01-20', 'Matriculado', '8.9', 'Desconto 50%', TRUE, '2025-01-27', 100.00),
  ('Paula', 'Almeida', '(21)99000017', 'Mecânica dos Fluidos', 'Felipe', 'Pereira', '(11)98000018', '2025.2', '2025-01-25', 'Matriculado', '6.8', 'Bolsa Parcial', TRUE, '2025-02-01', 50.00),
  ('Felipe', 'Pereira', '(21)99000018', 'Teoria da Computação', 'Fernanda', 'Oliveira', '(11)98000021', '2025.1', '2025-01-30', 'Pendente', NULL, 'Nenhuma', FALSE, '2025-02-06', 150.00),
  ('Ricardo', 'Silva', '(21)99000019', 'Sistemas Operacionais Avançados', 'Thiago', 'Costa', '(11)98000014', '2025.2', '2025-01-10', 'Matriculado', '9.1', 'Bolsa Integral', TRUE, '2025-01-17', 0.00),
    ('Fernanda', 'Oliveira', '(21)99000020', 'Anatomia Humana', 'Ricardo', 'Santos', '(11)98000019', '2025.2', '2025-01-15', 'Matriculado', '8.2', 'Nenhuma', TRUE, '2025-01-22', 0.00),
  ('Marcelo', 'Silveira', '(21)99000021', 'Bioquímica', 'Marcelo', 'Silveira', '(11)98000022', '2025.1', '2025-01-20', 'Matriculado', '7.9', 'Desconto 50%', TRUE, '2025-01-27', 100.00),
  ('Camila', 'Nascimento', '(21)99000022', 'Algoritmos I', 'João', 'Silva', '(11)98000001', '2025.1', '2025-01-25', 'Matriculado', '8.7', 'Bolsa Parcial', TRUE, '2025-02-01', 50.00);

-- Inserir dados na tabela Mensagens
INSERT INTO Mensagens (Remetente_Nome, Remetente_Sobrenome, Remetente_Telefone, Destinatario_Nome, Destinatario_Sobrenome, Destinatario_Telefone, Timestampe, Texto) VALUES
  ('João', 'Silva', '(21)99000001', 'Ana', 'Santos', '(21)99000002', '2025-01-01 10:00:00', 'Mensagem importante sobre a reunião de amanhã.'),
  ('Carlos', 'Souza', '(21)99000003', 'Beatriz', 'Gomes', '(21)99000004', '2025-01-02 11:00:00', 'Gostaria de discutir o andamento do projeto.'),
  ('Ricardo', 'Mendes', '(21)99000006', 'Felipe', 'Silva', '(21)99000005', '2025-01-02 12:00:00', 'A avaliação de Psicologia será na próxima semana.'),
  ('Juliana', 'Rocha', '(21)99000007', 'Eduardo', 'Dias', '(21)99000009', '2025-01-03 14:00:00', 'Preciso de ajuda com a matéria de Cálculo.'),
  ('Thiago', 'Ferreira', '(21)99000008', 'Paula', 'Ferreira', '(21)99000010', '2025-01-04 15:00:00', 'Não se esqueça de entregar o trabalho até sexta.'),
  ('Eduardo', 'Dias', '(21)99000009', 'Mariana', 'Lima', '(21)99000011', '2025-01-04 16:00:00', 'Envio os slides da última aula.'),
  ('Paula', 'Ferreira', '(21)99000010', 'Gustavo', 'Martins', '(21)99000013', '2025-01-05 17:00:00', 'Confirmando nossa reunião para amanhã às 10h.'),
  ('Mariana', 'Lima', '(21)99000011', 'Felipe', 'Martins', '(21)99000012', '2025-01-05 18:00:00', 'Foi uma boa aula sobre Redes de Computadores.'),
  ('Felipe', 'Silva', '(21)99000005', 'Ricardo', 'Silva', '(21)99000019', '2025-01-06 09:00:00', 'O encontro foi muito produtivo ontem.'),
  ('Ricardo', 'Santos', '(21)99000019', 'Paula', 'Ferreira', '(21)99000010', '2025-01-06 10:00:00', 'Gostaria de combinar os próximos passos para o projeto.'),
  ('Juliana', 'Martins', '(21)99000013', 'Gustavo', 'Martins', '(21)99000013', '2025-01-07 10:30:00', 'Poderia me enviar os materiais de ontem?'),
  ('Tatiane', 'Silva', '(21)99000014', 'Thiago', 'Ferreira', '(21)99000008', '2025-01-07 12:00:00', 'Lembre-se de agendar o encontro com o chefe.'),
  ('Carlos', 'Almeida', '(21)99000015', 'Paula', 'Almeida', '(21)99000017', '2025-01-08 14:00:00', 'A reunião sobre o projeto de Física foi remarcada.'),
  ('Mariana', 'Santos', '(21)99000016', 'João', 'Silva', '(21)99000001', '2025-01-08 15:30:00', 'Atualização sobre o andamento da pesquisa.'),
  ('Ricardo', 'Barbosa', '(21)99000017', 'Beatriz', 'Gomes', '(21)99000004', '2025-01-09 10:00:00', 'Estarei disponível amanhã para revisar o material.'),
  ('Thiago', 'Costa', '(21)99000014', 'Lucas', 'Costa', '(21)99000015', '2025-01-09 11:30:00', 'O prazo para a entrega do trabalho foi estendido.'),
  ('Gustavo', 'Martins', '(21)99000013', 'Paula', 'Almeida', '(21)99000017', '2025-01-09 12:30:00', 'Confirmando nossa reunião para sexta-feira.'),
  ('Felipe', 'Pereira', '(21)99000018', 'Ricardo', 'Silva', '(21)99000019', '2025-01-10 13:00:00', 'Acredito que a solução proposta está funcionando bem.'),
  ('Carlos', 'Barbosa', '(21)99000019', 'Juliana', 'Rocha', '(21)99000007', '2025-01-10 14:00:00', 'Acho que devemos revisar os cálculos do projeto de Engenharia.'),
  ('Fernanda', 'Oliveira', '(21)99000020', 'Camila', 'Nascimento', '(21)99000022', '2025-01-11 11:00:00', 'Você pode me ajudar com Química Orgânica?'),
  ('Marcelo', 'Silveira', '(21)99000021', 'João', 'Silva', '(21)99000001', '2025-01-12 15:00:00', 'Preciso conversar sobre o projeto de Economia.'),
  ('Camila', 'Nascimento', '(21)99000022', 'Beatriz', 'Gomes', '(21)99000004', '2025-01-13 09:00:00', 'A avaliação de Psicologia está chegando!');

-- Inserir dados na tabela Avisos
INSERT INTO Avisos (Remetente_Nome, Remetente_Sobrenome, Remetente_Telefone, Destinatario_Nome, Destinatario_Sobrenome, Destinatario_Telefone, Timestampe, Texto) VALUES
  ('Paula', 'Ferreira', '(21)99000010', 'Eduardo', 'Dias', '(21)99000009', '2025-01-01 08:00:00', 'Lembre-se de revisar o conteúdo de ontem.'),
  ('Mariana', 'Lima', '(21)99000011', 'Ricardo', 'Mendes', '(21)99000006', '2025-01-02 09:30:00', 'A aula sobre Cálculo será na próxima semana.'),
  ('Felipe', 'Silva', '(21)99000005', 'Juliana', 'Rocha', '(21)99000007', '2025-01-02 10:00:00', 'Lembre-se de enviar o relatório até sexta.'),
  ('Gustavo', 'Martins', '(21)99000013', 'Ricardo', 'Almeida', '(21)99000017', '2025-01-03 11:00:00', 'O prazo para entrega dos trabalhos foi estendido.'),
  ('Thiago', 'Ferreira', '(21)99000008', 'Lucas', 'Costa', '(21)99000015', '2025-01-03 12:30:00', 'Por favor, confirme sua presença na reunião de amanhã.'),
  ('Eduardo', 'Lima', '(21)99000016', 'Carlos', 'Almeida', '(21)99000017', '2025-01-04 14:00:00', 'A avaliação de Sistemas será na próxima segunda-feira.'),
  ('Ricardo', 'Mendes', '(21)99000006', 'Paula', 'Ferreira', '(21)99000010', '2025-01-04 15:30:00', 'Não se esqueça da reunião do projeto de Psicologia.'),
  ('Juliana', 'Rocha', '(21)99000007', 'Eduardo', 'Dias', '(21)99000009', '2025-01-05 16:00:00', 'Aula de Engenharia de Software foi cancelada amanhã.'),
  ('Paula', 'Ferreira', '(21)99000010', 'Mariana', 'Lima', '(21)99000011', '2025-01-06 17:00:00', 'O encontro sobre Cálculo será em breve.'),
  ('Felipe', 'Silva', '(21)99000005', 'Thiago', 'Ferreira', '(21)99000008', '2025-01-06 18:00:00', 'Por favor, revise os slides antes da nossa reunião.'),
  ('Carlos', 'Souza', '(21)99000003', 'Ricardo', 'Silva', '(21)99000019', '2025-01-07 09:00:00', 'O projeto de Redes precisa ser entregue até sexta-feira.'),
  ('Ricardo', 'Mendes', '(21)99000006', 'Lucas', 'Costa', '(21)99000015', '2025-01-07 10:00:00', 'A reunião foi reagendada para amanhã.'),
  ('Juliana', 'Rocha', '(21)99000007', 'Gustavo', 'Martins', '(21)99000013', '2025-01-08 11:30:00', 'Reunião importante sobre os relatórios da disciplina de Design.'),
  ('Thiago', 'Ferreira', '(21)99000008', 'Eduardo', 'Lima', '(21)99000016', '2025-01-08 13:00:00', 'A reunião foi reagendada para sexta-feira.'),
  ('Eduardo', 'Dias', '(21)99000009', 'Paula', 'Almeida', '(21)99000017', '2025-01-09 14:00:00', 'Aula de Biologia foi cancelada ontem.'),
  ('Felipe', 'Silva', '(21)99000005', 'Ricardo', 'Barbosa', '(21)99000017', '2025-01-09 15:00:00', 'Lembre-se de revisar a aula de Matemática.'),
  ('Gustavo', 'Martins', '(21)99000013', 'Mariana', 'Santos', '(21)99000016', '2025-01-10 16:30:00', 'Preciso que envie o relatório de avaliação até sexta-feira.'),
  ('Paula', 'Ferreira', '(21)99000010', 'Lucas', 'Costa', '(21)99000015', '2025-01-10 18:00:00', 'A próxima aula de Psicologia será dia 15.'),
  ('Fernanda', 'Oliveira', '(21)99000020', 'Marcelo', 'Silveira', '(21)99000021', '2025-01-11 12:00:00', 'A prova de Química está chegando!'),
  ('Marcelo', 'Silveira', '(21)99000021', 'Camila', 'Nascimento', '(21)99000022', '2025-01-12 16:00:00', 'Não esqueça do trabalho de Economia.'),
  ('Camila', 'Nascimento', '(21)99000022', 'Ricardo', 'Mendes', '(21)99000006', '2025-01-13 10:00:00', 'A aula de Psicologia foi remarcada para sexta.');

-- Inserir dados na tabela Avaliação
INSERT INTO Avaliação (NomeAluno, SobrenomeAluno, TelefoneAluno, NomeDisciplina, NomeProfessor, SobrenomeProfessor, TelefoneProfessor, PeríodoLetivo, Comentário, NotaDidática, NotaMaterial, NotaConteúdo, NotaInfraestrutura) VALUES
  ('João', 'Silva', '(21)99000001', 'Algoritmos I', 'João', 'Silva', '(11)98000001', '2025.1', 'Aulas muito boas, mas o conteúdo foi desafiador.', 9, 8, 9, 8),
  ('Ana', 'Santos', '(21)99000002', 'Redes de Computadores', 'Carlos', 'Souza', '(11)98000003', '2025.1', 'Conteúdo ótimo, porém poderia ser mais prático.', 8, 9, 8, 9),
  ('Carlos', 'Souza', '(21)99000003', 'Engenharia de Software', 'Paula', 'Ferreira', '(11)98000013', '2025.2', 'Conteúdo interessante, mas muita teoria.', 7, 8, 7, 8),
  ('Beatriz', 'Gomes', '(21)99000004', 'Direito Constitucional', 'Ana', 'Santos', '(11)98000002', '2025.2', 'Excelente abordagem do conteúdo, aprendi muito.', 9, 9, 9, 9),
  ('Felipe', 'Silva', '(21)99000005', 'Psicologia Geral', 'Beatriz', 'Gomes', '(11)98000004', '2025.1', 'As aulas foram boas, mas o conteúdo estava bem teórico.', 7, 6, 8, 7),
  ('Ricardo', 'Mendes', '(21)99000006', 'Engenharia Civil I', 'Ricardo', 'Mendes', '(11)98000006', '2025.1', 'Aulas práticas, mas o conteúdo teórico não foi bem abordado.', 6, 8, 7, 6),
  ('Juliana', 'Rocha', '(21)99000007', 'Geometria Descritiva', 'Lucas', 'Costa', '(11)98000015', '2025.2', 'Bom conteúdo, mas muito conteúdo de uma vez.', 8, 7, 8, 7),
  ('Thiago', 'Ferreira', '(21)99000008', 'Gestão de Projetos', 'Juliana', 'Rocha', '(11)98000007', '2025.1', 'A aula foi bem explicada, gostei dos exemplos.', 9, 9, 9, 9),
  ('Eduardo', 'Dias', '(21)99000009', 'Psicologia do Desenvolvimento', 'Thiago', 'Ferreira', '(11)98000008', '2025.2', 'Muito bom, gostei das discussões em sala.', 9, 8, 9, 8),
  ('Paula', 'Ferreira', '(21)99000010', 'Cálculo I', 'Eduardo', 'Dias', '(11)98000009', '2025.1', 'Conteúdo claro, mas a carga de exercícios foi alta.', 7, 7, 8, 6),
  ('Mariana', 'Lima', '(21)99000011', 'Química Geral', 'Roberta', 'Gomes', '(11)98000010', '2025.2', 'Gostei muito do conteúdo prático.', 8, 9, 8, 9),
  ('Felipe', 'Martins', '(21)99000012', 'Biologia Celular', 'Carlos', 'Almeida', '(11)98000017', '2025.1', 'Achei a aula muito teórica.', 6, 7, 7, 6),
  ('Gustavo', 'Martins', '(21)99000013', 'Física Geral', 'Felipe', 'Silva', '(11)98000005', '2025.2', 'Aulas bem explicadas, porém rápidas.', 8, 8, 9, 8),
  ('Thiago', 'Costa', '(21)99000014', 'Desenho Técnico', 'Gustavo', 'Martins', '(11)98000016', '2025.1', 'Excelente didática, recomendo!', 9, 9, 9, 9),
  ('Lucas', 'Costa', '(21)99000015', 'Cálculo II', 'Mariana', 'Lima', '(11)98000011', '2025.2', 'Achei o conteúdo difícil.', 7, 6, 7, 6),
  ('Eduardo', 'Lima', '(21)99000016', 'Circuitos Elétricos', 'Felipe', 'Martins', '(11)98000012', '2025.1', 'Aulas bem interativas.', 8, 8, 8, 8),
  ('Paula', 'Almeida', '(21)99000017', 'Mecânica dos Fluidos', 'Felipe', 'Pereira', '(11)98000018', '2025.2', 'Gostaria de mais exemplos práticos.', 7, 8, 7, 7),
  ('Felipe', 'Pereira', '(21)99000018', 'Teoria da Computação', 'Fernanda', 'Oliveira', '(11)98000021', '2025.1', 'Professor(a) explica muito bem.', 9, 9, 9, 9),
  ('Ricardo', 'Silva', '(21)99000019', 'Sistemas Operacionais Avançados', 'Thiago', 'Costa', '(11)98000014', '2025.2', 'Conteúdo avançado, mas bem abordado.', 8, 8, 8, 8),
  ('Fernanda', 'Oliveira', '(21)99000020', 'Anatomia Humana', 'Ricardo', 'Santos', '(11)98000019', '2025.2', 'Material didático excelente, aulas dinâmicas.', 9, 10, 9, 10),
  ('Marcelo', 'Silveira', '(21)99000021', 'Bioquímica', 'Marcelo', 'Silveira', '(11)98000022', '2025.1', 'Professor(a) domina o conteúdo, porém faltou tempo para aprofundar.', 8, 9, 8, 7),
  ('Camila', 'Nascimento', '(21)99000022', 'Algoritmos I', 'João', 'Silva', '(11)98000001', '2025.1', 'Aulas muito boas, professor(a) atencioso(a).', 10, 9, 10, 9);